{"level":"info","time":"2026-06-09T11:11:03+02:00","message":"Web Dashboard available at http://0.0.0.0:8080"}
{"level":"info","time":"2026-06-09T11:11:11+02:00","message":"Web Dashboard available at http://0.0.0.0:8080"}
{"level":"info","time":"2026-06-09T11:11:17+02:00","message":"Starting MyBot2 simulation..."}
{"level":"debug","x":123,"y":456,"template":"btn_attack","confidence":0.98,"time":"2026-06-09T11:11:17+02:00","message":"Detected button on screen"}
{"level":"warn","time":"2026-06-09T11:11:17+02:00","message":"Low elixir detected, skipping base"}
{"level":"error","error":"file does not exist","path":"assets/templates/missing.png","time":"2026-06-09T11:11:17+02:00","message":"Failed to load template"}
{"level":"info","time":"2026-06-09T11:11:17+02:00","message":"Simulation complete. Check logs/app.log for details."}
{"level":"info","time":"2026-06-09T11:11:20+02:00","message":"Web Dashboard available at http://0.0.0.0:8080"}
{"level":"info","time":"2026-06-09T11:11:29+02:00","message":"Web Dashboard available at http://0.0.0.0:8080"}
{"level":"info","time":"2026-06-09T11:11:38+02:00","message":"Starting MyBot2 simulation..."}
{"level":"debug","x":123,"y":456,"template":"btn_attack","confidence":0.98,"time":"2026-06-09T11:11:38+02:00","message":"Detected button on screen"}
{"level":"warn","time":"2026-06-09T11:11:38+02:00","message":"Low elixir detected, skipping base"}
{"level":"error","error":"file does not exist","path":"assets/templates/missing.png","time":"2026-06-09T11:11:38+02:00","message":"Failed to load template"}
{"level":"info","time":"2026-06-09T11:11:38+02:00","message":"Simulation complete. Check logs/app.log for details."}
{"level":"info","time":"2026-06-09T11:11:41+02:00","message":"Web Dashboard available at http://0.0.0.0:8080"}
{"level":"info","time":"2026-06-09T11:12:00+02:00","message":"Starting MyBot2 simulation..."}
{"level":"debug","x":123,"y":456,"template":"btn_attack","confidence":0.98,"time":"2026-06-09T11:12:00+02:00","message":"Detected button on screen"}
{"level":"warn","time":"2026-06-09T11:12:00+02:00","message":"Low elixir detected, skipping base"}
{"level":"error","error":"file does not exist","path":"assets/templates/missing.png","time":"2026-06-09T11:12:00+02:00","message":"Failed to load template"}
{"level":"info","time":"2026-06-09T11:12:00+02:00","message":"Simulation complete. Check logs/app.log for details."}
{"level":"info","time":"2026-06-09T11:12:06+02:00","message":"Web Dashboard available at http://0.0.0.0:8080"}
{"level":"info","time":"2026-06-09T11:12:14+02:00","message":"Starting MyBot2 simulation..."}
{"level":"debug","x":123,"y":456,"template":"btn_attack","confidence":0.98,"time":"2026-06-09T11:12:14+02:00","message":"Detected button on screen"}
{"level":"warn","time":"2026-06-09T11:12:14+02:00","message":"Low elixir detected, skipping base"}
{"level":"error","error":"file does not exist","path":"assets/templates/missing.png","time":"2026-06-09T11:12:14+02:00","message":"Failed to load template"}
{"level":"info","time":"2026-06-09T11:12:14+02:00","message":"Simulation complete. Check logs/app.log for details."}
{"level":"info","time":"2026-06-09T11:12:16+02:00","message":"Web Dashboard available at http://0.0.0.0:8080"}
{"level":"info","time":"2026-06-09T11:12:53+02:00","message":"Web Dashboard available at http://0.0.0.0:8080"}
{"level":"info","time":"2026-06-09T11:15:39+02:00","message":"Web Dashboard available at http://0.0.0.0:8080"}
{"level":"info","time":"2026-06-09T11:17:12+02:00","message":"Web Dashboard available at http://0.0.0.0:8080"}
{"level":"info","time":"2026-06-09T11:18:02+02:00","message":"Web Dashboard available at http://0.0.0.0:8080"}
{"level":"info","time":"2026-06-09T11:20:19+02:00","message":"Web Dashboard available at http://0.0.0.0:8080"}
{"level":"info","time":"2026-06-09T11:24:11+02:00","message":"initializing bot startup sequence..."}
{"level":"info","time":"2026-06-09T11:24:11+02:00","message":"verifying BlueStacks configuration..."}
{"level":"info","time":"2026-06-09T11:24:11+02:00","message":"ADB device connected"}
{"level":"info","time":"2026-06-09T11:24:11+02:00","message":"BlueStacks already running with correct resolution"}
{"level":"info","time":"2026-06-09T11:24:11+02:00","message":"waiting for ADB connection (up to 90s)..."}
{"level":"info","time":"2026-06-09T11:24:11+02:00","message":"ADB connected successfully"}
{"level":"info","time":"2026-06-09T11:24:11+02:00","message":"waiting for Android system to report 'boot_completed'..."}
{"level":"info","time":"2026-06-09T11:24:11+02:00","message":"Android system is ready"}
{"level":"info","time":"2026-06-09T11:24:11+02:00","message":"checking game status..."}
{"level":"info","package":"com.supercell.clashofclans","time":"2026-06-09T11:24:11+02:00","message":"ensuring clean state by restarting game..."}
{"level":"info","package":"com.supercell.clashofclans","time":"2026-06-09T11:24:13+02:00","message":"launching game..."}
{"level":"info","time":"2026-06-09T11:24:13+02:00","message":"waiting for game to settle..."}
{"level":"info","time":"2026-06-09T11:24:28+02:00","message":"starting calibration..."}
{"level":"info","templates":77,"time":"2026-06-09T11:24:29+02:00","message":"templates loaded"}
{"level":"info","bot":"orchestrator","device":"localhost:5555","resolution":"860x732","scale":"1.000x1.000","time":"2026-06-09T11:24:29+02:00","message":"connected"}
{"level":"info","bot":"orchestrator","x":842,"y":345,"time":"2026-06-09T11:24:29+02:00","message":"performing initial focus click"}
{"level":"info","bot":"orchestrator","time":"2026-06-09T11:24:30+02:00","message":"attack button detected, starting sequence"}
{"level":"info","bot":"orchestrator","step":"Attack","time":"2026-06-09T11:24:31+02:00","message":"pinpoint match, clicking..."}
{"level":"info","bot":"orchestrator","time":"2026-06-09T11:24:31+02:00","message":"main village elements detected, performing initial zoom out..."}
{"level":"info","bot":"orchestrator","step":"Find Match","time":"2026-06-09T11:24:32+02:00","message":"pinpoint match, clicking..."}
{"level":"info","bot":"orchestrator","step":"Army Arrow","time":"2026-06-09T11:24:34+02:00","message":"pinpoint match, clicking..."}
{"level":"info","bot":"orchestrator","step":"Army 1","time":"2026-06-09T11:24:35+02:00","message":"pinpoint match, clicking..."}
{"level":"info","bot":"orchestrator","step":"Battle","conf":0.49932441115379333,"x":598,"y":478,"time":"2026-06-09T11:24:37+02:00","message":"clicking (fallback match)"}
{"level":"info","bot":"orchestrator","time":"2026-06-09T11:24:37+02:00","message":"waiting for battle state (searching)..."}
{"level":"info","bot":"orchestrator","state":"MainVillage","time":"2026-06-09T11:24:38+02:00","message":"waiting for battle state (searching)..."}
{"level":"info","bot":"orchestrator","time":"2026-06-09T11:24:40+02:00","message":"in army menu, retrying battle click..."}
{"level":"info","bot":"orchestrator","step":"Battle Retry","time":"2026-06-09T11:24:41+02:00","message":"pinpoint match, clicking..."}
{"level":"info","bot":"orchestrator","time":"2026-06-09T11:24:43+02:00","message":"in clouds/loading..."}
{"level":"info","bot":"orchestrator","time":"2026-06-09T11:24:45+02:00","message":"battle state detected, entering search loop"}
{"level":"info","bot":"orchestrator","time":"2026-06-09T11:24:45+02:00","message":"waiting for base to be found..."}
{"level":"info","bot":"orchestrator","time":"2026-06-09T11:24:47+02:00","message":"base found, reading loot..."}
{"level":"info","bot":"orchestrator","gold":143120,"elixir":516341,"de":6338,"time":"2026-06-09T11:24:47+02:00","message":"loot detected"}
{"level":"info","bot":"orchestrator","time":"2026-06-09T11:24:47+02:00","message":"loot too low, skipping base..."}
{"level":"info","bot":"orchestrator","step":"Next Match","time":"2026-06-09T11:24:49+02:00","message":"pinpoint match, clicking..."}
{"level":"info","bot":"orchestrator","time":"2026-06-09T11:24:54+02:00","message":"base found, reading loot..."}
{"level":"info","bot":"orchestrator","gold":211214,"elixir":200495,"de":2961,"time":"2026-06-09T11:24:54+02:00","message":"loot detected"}
{"level":"info","bot":"orchestrator","time":"2026-06-09T11:24:54+02:00","message":"loot too low, skipping base..."}
{"level":"info","bot":"orchestrator","step":"Next Match","time":"2026-06-09T11:24:54+02:00","message":"pinpoint match, clicking..."}
{"level":"info","bot":"orchestrator","time":"2026-06-09T11:24:56+02:00","message":"bot configuration updated in real-time"}
{"level":"info","bot":"orchestrator","time":"2026-06-09T11:24:59+02:00","message":"base found, reading loot..."}
{"level":"warn","bot":"orchestrator","seq_time":900722.536875,"time":"2026-06-09T11:39:31+02:00","message":"attack sequence running too long, triggering emergency restart..."}
{"level":"info","time":"2026-06-09T11:50:42+02:00","message":"initializing bot startup sequence..."}
{"level":"info","time":"2026-06-09T11:50:42+02:00","message":"verifying BlueStacks configuration..."}
{"level":"info","time":"2026-06-09T11:50:42+02:00","message":"ADB device connected"}
{"level":"info","time":"2026-06-09T11:50:42+02:00","message":"BlueStacks already running with correct resolution"}
{"level":"info","time":"2026-06-09T11:50:42+02:00","message":"waiting for ADB connection (up to 90s)..."}
{"level":"info","time":"2026-06-09T11:50:42+02:00","message":"ADB connected successfully"}
{"level":"info","time":"2026-06-09T11:50:42+02:00","message":"waiting for Android system to report 'boot_completed'..."}
{"level":"info","time":"2026-06-09T11:50:42+02:00","message":"Android system is ready"}
{"level":"info","time":"2026-06-09T11:50:42+02:00","message":"checking game status..."}
{"level":"info","package":"com.supercell.clashofclans","time":"2026-06-09T11:50:42+02:00","message":"ensuring clean state by restarting game..."}
{"level":"info","package":"com.supercell.clashofclans","time":"2026-06-09T11:50:44+02:00","message":"launching game..."}
{"level":"info","time":"2026-06-09T11:50:44+02:00","message":"waiting for game to settle..."}
{"level":"info","time":"2026-06-09T11:50:59+02:00","message":"starting calibration..."}
{"level":"info","templates":77,"time":"2026-06-09T11:51:00+02:00","message":"templates loaded"}
{"level":"info","bot":"orchestrator","device":"localhost:5555","resolution":"860x732","scale":"1.000x1.000","time":"2026-06-09T11:51:00+02:00","message":"connected"}
{"level":"info","bot":"orchestrator","x":842,"y":345,"time":"2026-06-09T11:51:00+02:00","message":"performing initial focus click"}
{"level":"info","bot":"orchestrator","time":"2026-06-09T11:51:02+02:00","message":"attack button detected, starting sequence"}
{"level":"info","bot":"orchestrator","step":"Attack","time":"2026-06-09T11:51:02+02:00","message":"pinpoint match, clicking..."}
{"level":"info","bot":"orchestrator","time":"2026-06-09T11:51:03+02:00","message":"main village elements detected, performing initial zoom out..."}
{"level":"info","bot":"orchestrator","step":"Find Match","time":"2026-06-09T11:51:04+02:00","message":"pinpoint match, clicking..."}
{"level":"info","bot":"orchestrator","step":"Army Arrow","time":"2026-06-09T11:51:05+02:00","message":"pinpoint match, clicking..."}
{"level":"info","bot":"orchestrator","step":"Army 1","time":"2026-06-09T11:51:07+02:00","message":"pinpoint match, clicking..."}
{"level":"info","bot":"orchestrator","step":"Battle","conf":0.49932369589805603,"x":598,"y":478,"time":"2026-06-09T11:51:08+02:00","message":"clicking (fallback match)"}
{"level":"info","bot":"orchestrator","time":"2026-06-09T11:51:08+02:00","message":"waiting for battle state (searching)..."}
{"level":"info","bot":"orchestrator","time":"2026-06-09T11:51:09+02:00","message":"in army menu, retrying battle click..."}
{"level":"info","bot":"orchestrator","step":"Battle Retry","time":"2026-06-09T11:51:10+02:00","message":"pinpoint match, clicking..."}
{"level":"info","attacks":0,"uptime":"10s","avg_ms":235.1435662832878,"time":"2026-06-09T11:51:10+02:00","message":"bot stats"}
{"level":"info","bot":"orchestrator","time":"2026-06-09T11:51:12+02:00","message":"in clouds/loading..."}
{"level":"info","time":"2026-06-09T11:51:14+02:00","message":"shutdown signal received"}
{"level":"info","time":"2026-06-09T11:51:14+02:00","message":"shutting down..."}
{"level":"info","time":"2026-06-09T11:51:14+02:00","message":"shutdown complete"}
{"level":"info","time":"2026-06-09T11:56:32+02:00","message":"initializing bot startup sequence..."}
{"level":"info","time":"2026-06-09T11:56:32+02:00","message":"verifying BlueStacks configuration..."}
{"level":"info","time":"2026-06-09T11:56:32+02:00","message":"ADB device connected"}
{"level":"info","time":"2026-06-09T11:56:32+02:00","message":"BlueStacks already running with correct resolution"}
{"level":"info","time":"2026-06-09T11:56:32+02:00","message":"waiting for ADB connection (up to 90s)..."}
{"level":"info","time":"2026-06-09T11:56:32+02:00","message":"ADB connected successfully"}
{"level":"info","time":"2026-06-09T11:56:32+02:00","message":"waiting for Android system to report 'boot_completed'..."}
{"level":"info","time":"2026-06-09T11:56:32+02:00","message":"Android system is ready"}
{"level":"info","time":"2026-06-09T11:56:32+02:00","message":"checking game status..."}
{"level":"info","package":"com.supercell.clashofclans","time":"2026-06-09T11:56:32+02:00","message":"ensuring clean state by restarting game..."}
{"level":"info","package":"com.supercell.clashofclans","time":"2026-06-09T11:56:34+02:00","message":"launching game..."}
{"level":"info","time":"2026-06-09T11:56:34+02:00","message":"waiting for game to settle..."}
{"level":"info","time":"2026-06-09T11:56:49+02:00","message":"starting calibration..."}
{"level":"info","templates":77,"time":"2026-06-09T11:56:50+02:00","message":"templates loaded"}
{"level":"info","bot":"orchestrator","device":"localhost:5555","resolution":"860x732","scale":"1.000x1.000","time":"2026-06-09T11:56:50+02:00","message":"connected"}
{"level":"info","bot":"orchestrator","x":842,"y":345,"time":"2026-06-09T11:56:50+02:00","message":"performing initial focus click"}
{"level":"info","bot":"orchestrator","time":"2026-06-09T11:56:52+02:00","message":"attack button detected, starting sequence"}
{"level":"info","bot":"orchestrator","step":"Attack","time":"2026-06-09T11:56:52+02:00","message":"pinpoint match, clicking..."}
{"level":"info","bot":"orchestrator","time":"2026-06-09T11:56:52+02:00","message":"main village elements detected, performing initial zoom out..."}
{"level":"info","bot":"orchestrator","step":"Find Match","time":"2026-06-09T11:56:53+02:00","message":"pinpoint match, clicking..."}
{"level":"info","bot":"orchestrator","step":"Army Arrow","time":"2026-06-09T11:56:55+02:00","message":"pinpoint match, clicking..."}
{"level":"info","bot":"orchestrator","step":"Army 1","time":"2026-06-09T11:56:57+02:00","message":"pinpoint match, clicking..."}
{"level":"info","bot":"orchestrator","step":"Battle","conf":0.49932369589805603,"x":598,"y":478,"time":"2026-06-09T11:56:58+02:00","message":"clicking (fallback match)"}
{"level":"info","bot":"orchestrator","time":"2026-06-09T11:56:58+02:00","message":"waiting for battle state (searching)..."}
{"level":"info","bot":"orchestrator","time":"2026-06-09T11:57:00+02:00","message":"in army menu, retrying battle click..."}
{"level":"info","bot":"orchestrator","step":"Battle Retry","time":"2026-06-09T11:57:00+02:00","message":"pinpoint match, clicking..."}
{"level":"info","attacks":0,"uptime":"10s","avg_ms":236.5792712187933,"time":"2026-06-09T11:57:00+02:00","message":"bot stats"}
{"level":"info","bot":"orchestrator","time":"2026-06-09T11:57:02+02:00","message":"in clouds/loading..."}
{"level":"info","bot":"orchestrator","time":"2026-06-09T11:57:04+02:00","message":"battle state detected, entering search loop"}
{"level":"info","bot":"orchestrator","time":"2026-06-09T11:57:04+02:00","message":"waiting for base to be found..."}
{"level":"info","bot":"orchestrator","time":"2026-06-09T11:57:06+02:00","message":"base found, reading loot..."}
{"level":"info","bot":"orchestrator","gold":636285,"elixir":929749,"de":5821,"time":"2026-06-09T11:57:07+02:00","message":"loot detected"}
{"level":"info","bot":"orchestrator","time":"2026-06-09T11:57:07+02:00","message":"loot too low, skipping base..."}
{"level":"info","bot":"orchestrator","step":"Next Match","time":"2026-06-09T11:57:07+02:00","message":"pinpoint match, clicking..."}
{"level":"info","attacks":0,"uptime":"20s","avg_ms":223.30549111315904,"time":"2026-06-09T11:57:10+02:00","message":"bot stats"}
{"level":"info","bot":"orchestrator","time":"2026-06-09T11:57:11+02:00","message":"base found, reading loot..."}
{"level":"info","bot":"orchestrator","gold":1594984,"elixir":905223,"de":15888,"time":"2026-06-09T11:57:11+02:00","message":"loot detected"}
{"level":"info","bot":"orchestrator","time":"2026-06-09T11:57:11+02:00","message":"loot requirements met, starting attack!"}
{"level":"info","bot":"orchestrator","strategy":"Auto EDrag Rush","phases":5,"time":"2026-06-09T11:57:11+02:00","message":"executing dynamic attack plan"}
{"level":"info","component":"attack_executor","bar_y":630,"time":"2026-06-09T11:57:13+02:00","message":"using ULTIMATE PRECISION config"}
{"level":"info","component":"attack_executor","edge":"TopLeft","time":"2026-06-09T11:57:13+02:00","message":"random edge selected"}
{"level":"info","component":"attack_executor","slots":11,"time":"2026-06-09T11:57:13+02:00","message":"using 100% precise manual slot mapping"}
{"level":"info","component":"attack_executor","active_xs":[62,134,212,287,360,433,511,584,657,730,798],"time":"2026-06-09T11:57:13+02:00","message":"detected active slots in bar"}
{"level":"info","component":"attack_executor","x":62,"category":"Troop","time":"2026-06-09T11:57:14+02:00","message":"classified slot"}
{"level":"info","component":"attack_executor","x":134,"category":"Troop","time":"2026-06-09T11:57:14+02:00","message":"classified slot"}
{"level":"info","component":"attack_executor","x":212,"category":"Siege","time":"2026-06-09T11:57:14+02:00","message":"classified slot"}
{"level":"info","component":"attack_executor","x":287,"category":"Hero","time":"2026-06-09T11:57:14+02:00","message":"classified slot"}
{"level":"info","component":"attack_executor","x":360,"category":"Hero","time":"2026-06-09T11:57:14+02:00","message":"classified slot"}
{"level":"info","component":"attack_executor","x":433,"category":"Hero","time":"2026-06-09T11:57:14+02:00","message":"classified slot"}
{"level":"info","component":"attack_executor","x":511,"category":"Hero","time":"2026-06-09T11:57:14+02:00","message":"classified slot"}
{"level":"info","component":"attack_executor","x":584,"category":"Spell","time":"2026-06-09T11:57:14+02:00","message":"classified slot"}
{"level":"info","component":"attack_executor","x":657,"category":"Spell","time":"2026-06-09T11:57:14+02:00","message":"classified slot"}
{"level":"info","component":"attack_executor","x":730,"category":"Spell","time":"2026-06-09T11:57:14+02:00","message":"classified slot"}
{"level":"info","component":"attack_executor","x":798,"category":"Spell","time":"2026-06-09T11:57:14+02:00","message":"classified slot"}
{"level":"info","component":"attack_executor","x":798,"time":"2026-06-09T11:57:14+02:00","message":"classified last slot as CC"}
{"level":"info","component":"attack_executor","time":"2026-06-09T11:57:14+02:00","message":"saved visual diagnostics to attack_deploy_debug.png"}
{"level":"info","component":"attack_executor","labels":11,"time":"2026-06-09T11:57:14+02:00","message":"loading 100% precise manual troop labels"}
{"level":"info","component":"attack_executor","phase":"Balloons","time":"2026-06-09T11:57:14+02:00","message":"attack phase"}
{"level":"info","component":"attack_executor","unit":"Balloon","ability":false,"x":134,"y":681,"conf":1,"time":"2026-06-09T11:57:15+02:00","message":"selecting unit"}
{"level":"info","component":"attack_executor","unit":"Balloon","time":"2026-06-09T11:57:15+02:00","message":"deploying troop line batch"}
{"level":"info","component":"attack_executor","unit":"Balloon","time":"2026-06-09T11:57:15+02:00","message":"troop slot not empty yet, selecting again and deploying next batch..."}
{"level":"info","component":"attack_executor","unit":"Balloon","time":"2026-06-09T11:57:16+02:00","message":"deploying troop line batch"}
{"level":"info","component":"attack_executor","unit":"Balloon","time":"2026-06-09T11:57:16+02:00","message":"troop slot not empty yet, selecting again and deploying next batch..."}
{"level":"info","component":"attack_executor","unit":"Balloon","time":"2026-06-09T11:57:16+02:00","message":"deploying troop line batch"}
{"level":"info","component":"attack_executor","unit":"Balloon","time":"2026-06-09T11:57:17+02:00","message":"troop slot not empty yet, selecting again and deploying next batch..."}
{"level":"info","component":"attack_executor","unit":"Balloon","time":"2026-06-09T11:57:17+02:00","message":"deploying troop line batch"}
{"level":"info","component":"attack_executor","unit":"Balloon","time":"2026-06-09T11:57:18+02:00","message":"troop slot not empty yet, selecting again and deploying next batch..."}
{"level":"info","component":"attack_executor","unit":"Balloon","time":"2026-06-09T11:57:18+02:00","message":"deploying troop line batch"}
{"level":"info","component":"attack_executor","unit":"Balloon","time":"2026-06-09T11:57:18+02:00","message":"troop slot not empty yet, selecting again and deploying next batch..."}
{"level":"info","component":"attack_executor","unit":"Balloon","time":"2026-06-09T11:57:19+02:00","message":"deploying troop line batch"}
{"level":"info","component":"attack_executor","unit":"Balloon","time":"2026-06-09T11:57:19+02:00","message":"troop slot not empty yet, selecting again and deploying next batch..."}
{"level":"info","component":"attack_executor","phase":"Electro Dragons","time":"2026-06-09T11:57:19+02:00","message":"attack phase"}
{"level":"info","component":"attack_executor","unit":"Electro Dragon","ability":false,"x":62,"y":681,"conf":1,"time":"2026-06-09T11:57:19+02:00","message":"selecting unit"}
{"level":"info","component":"attack_executor","unit":"Electro Dragon","time":"2026-06-09T11:57:19+02:00","message":"deploying troop line batch"}
{"level":"info","component":"attack_executor","unit":"Electro Dragon","time":"2026-06-09T11:57:20+02:00","message":"troop slot not empty yet, selecting again and deploying next batch..."}
{"level":"info","attacks":0,"uptime":"30s","avg_ms":258.7934309190549,"time":"2026-06-09T11:57:20+02:00","message":"bot stats"}
{"level":"info","component":"attack_executor","unit":"Electro Dragon","time":"2026-06-09T11:57:20+02:00","message":"deploying troop line batch"}
{"level":"info","component":"attack_executor","unit":"Electro Dragon","time":"2026-06-09T11:57:21+02:00","message":"troop slot empty, finished deploying"}
{"level":"info","component":"attack_executor","phase":"Siege Machine","time":"2026-06-09T11:57:21+02:00","message":"attack phase"}
{"level":"info","component":"attack_executor","unit":"Stone Slammer","ability":false,"x":218,"y":706,"conf":0.9591085910797119,"time":"2026-06-09T11:57:21+02:00","message":"selecting unit"}
{"level":"info","component":"attack_executor","unit":"Stone Slammer","x":212,"y":184,"time":"2026-06-09T11:57:21+02:00","message":"deploying hero/siege point"}
{"level":"info","component":"attack_executor","phase":"Heroes","time":"2026-06-09T11:57:21+02:00","message":"attack phase"}
{"level":"info","component":"attack_executor","unit":"Archer Queen","category":"Hero","pos":{"X":360,"Y":682},"time":"2026-06-09T11:57:22+02:00","message":"layout parser fallback mapping"}
{"level":"info","component":"attack_executor","unit":"Barbarian King","ability":false,"x":287,"y":681,"conf":1,"time":"2026-06-09T11:57:22+02:00","message":"selecting unit"}
{"level":"info","component":"attack_executor","unit":"Barbarian King","x":212,"y":184,"time":"2026-06-09T11:57:22+02:00","message":"deploying hero/siege point"}
{"level":"info","component":"attack_executor","unit":"Archer Queen","ability":false,"x":360,"y":682,"conf":1,"time":"2026-06-09T11:57:22+02:00","message":"selecting unit"}
{"level":"info","component":"attack_executor","unit":"Archer Queen","x":212,"y":184,"time":"2026-06-09T11:57:22+02:00","message":"deploying hero/siege point"}
{"level":"info","component":"attack_executor","unit":"Grand Warden","ability":false,"x":433,"y":681,"conf":1,"time":"2026-06-09T11:57:23+02:00","message":"selecting unit"}
{"level":"info","component":"attack_executor","unit":"Grand Warden","x":212,"y":184,"time":"2026-06-09T11:57:23+02:00","message":"deploying hero/siege point"}
{"level":"info","component":"attack_executor","unit":"Minion Prince","ability":false,"x":360,"y":681,"conf":1,"time":"2026-06-09T11:57:23+02:00","message":"selecting unit"}
{"level":"info","component":"attack_executor","unit":"Minion Prince","x":212,"y":184,"time":"2026-06-09T11:57:23+02:00","message":"deploying hero/siege point"}
{"level":"info","component":"attack_executor","unit":"Dragon Duke","ability":false,"x":498,"y":685,"conf":0.9140831828117371,"time":"2026-06-09T11:57:23+02:00","message":"selecting unit"}
{"level":"info","component":"attack_executor","target":"TopLeft","duke_edge":"TopRight","time":"2026-06-09T11:57:23+02:00","message":"Dragon Duke adjacent placement"}
{"level":"info","component":"attack_executor","unit":"Dragon Duke","x":648,"y":183,"time":"2026-06-09T11:57:23+02:00","message":"deploying hero/siege point"}
{"level":"info","component":"attack_executor","phase":"Spells","time":"2026-06-09T11:57:23+02:00","message":"attack phase"}
{"level":"info","component":"attack_executor","unit":"Rage Spell","ability":false,"x":584,"y":681,"conf":1,"time":"2026-06-09T11:57:23+02:00","message":"selecting unit"}
{"level":"info","component":"attack_executor","unit":"Rage Spell","time":"2026-06-09T11:57:24+02:00","message":"deploying spell lines batch (Rage)"}
{"level":"info","component":"attack_executor","unit":"Rage Spell","time":"2026-06-09T11:57:24+02:00","message":"spell slot not empty yet, selecting again and deploying next batch..."}
{"level":"info","component":"attack_executor","unit":"Rage Spell","time":"2026-06-09T11:57:24+02:00","message":"deploying spell lines batch (Rage)"}
{"level":"info","component":"attack_executor","unit":"Rage Spell","time":"2026-06-09T11:57:25+02:00","message":"spell slot empty, finished deploying"}
{"level":"info","component":"attack_executor","unit":"Ice Spell","ability":false,"x":657,"y":681,"conf":1,"time":"2026-06-09T11:57:25+02:00","message":"selecting unit"}
{"level":"info","component":"attack_executor","unit":"Ice Spell","time":"2026-06-09T11:57:25+02:00","message":"deploying spell line batch"}
{"level":"info","component":"attack_executor","unit":"Ice Spell","time":"2026-06-09T11:57:26+02:00","message":"spell slot not empty yet, selecting again and deploying next batch..."}
{"level":"info","component":"attack_executor","unit":"Ice Spell","time":"2026-06-09T11:57:26+02:00","message":"deploying spell line batch"}
{"level":"info","component":"attack_executor","unit":"Ice Spell","time":"2026-06-09T11:57:26+02:00","message":"spell slot not empty yet, selecting again and deploying next batch..."}
{"level":"info","component":"attack_executor","unit":"Ice Spell","time":"2026-06-09T11:57:27+02:00","message":"deploying spell line batch"}
{"level":"info","component":"attack_executor","unit":"Ice Spell","time":"2026-06-09T11:57:27+02:00","message":"spell slot empty, finished deploying"}
{"level":"info","component":"attack_executor","time":"2026-06-09T11:57:27+02:00","message":"activating hero abilities right after spells..."}
{"level":"info","component":"attack_executor","x":287,"y":681,"time":"2026-06-09T11:57:27+02:00","message":"retapping hero icon once for ability/equipment"}
{"level":"info","component":"attack_executor","x":360,"y":682,"time":"2026-06-09T11:57:27+02:00","message":"retapping hero icon once for ability/equipment"}
{"level":"info","component":"attack_executor","x":433,"y":681,"time":"2026-06-09T11:57:27+02:00","message":"retapping hero icon once for ability/equipment"}
{"level":"info","component":"attack_executor","x":360,"y":681,"time":"2026-06-09T11:57:28+02:00","message":"retapping hero icon once for ability/equipment"}
{"level":"info","component":"attack_executor","x":498,"y":685,"time":"2026-06-09T11:57:28+02:00","message":"retapping hero icon once for ability/equipment"}
{"level":"info","component":"attack_executor","time":"2026-06-09T11:57:28+02:00","message":"starting sweep of remaining/event slots..."}
{"level":"info","component":"attack_executor","x":715,"y":681,"time":"2026-06-09T11:57:28+02:00","message":"found undeployed/event troop slot during sweep, deploying..."}
{"level":"info","attacks":0,"uptime":"40s","avg_ms":258.8157709159832,"time":"2026-06-09T11:57:30+02:00","message":"bot stats"}
{"level":"info","component":"attack_executor","x":790,"y":681,"time":"2026-06-09T11:57:32+02:00","message":"found undeployed/event troop slot during sweep, deploying..."}
{"level":"info","component":"attack_executor","time":"2026-06-09T11:57:35+02:00","message":"verifying deployment success..."}
{"level":"info","component":"attack_executor","slots":11,"time":"2026-06-09T11:57:35+02:00","message":"using 100% precise manual slot mapping"}
{"level":"info","component":"attack_executor","active_xs":[134,212,287,360,433,511,730,798],"time":"2026-06-09T11:57:35+02:00","message":"detected active slots in bar"}
{"level":"info","component":"attack_executor","x":134,"category":"Troop","time":"2026-06-09T11:57:37+02:00","message":"classified slot"}
{"level":"info","component":"attack_executor","x":212,"category":"Troop","time":"2026-06-09T11:57:37+02:00","message":"classified slot"}
{"level":"info","component":"attack_executor","x":287,"category":"Troop","time":"2026-06-09T11:57:37+02:00","message":"classified slot"}
{"level":"info","component":"attack_executor","x":360,"category":"Troop","time":"2026-06-09T11:57:37+02:00","message":"classified slot"}
{"level":"info","component":"attack_executor","x":433,"category":"Siege","time":"2026-06-09T11:57:37+02:00","message":"classified slot"}
{"level":"info","component":"attack_executor","x":511,"category":"Hero","time":"2026-06-09T11:57:37+02:00","message":"classified slot"}
{"level":"info","component":"attack_executor","x":730,"category":"Spell","time":"2026-06-09T11:57:37+02:00","message":"classified slot"}
{"level":"info","component":"attack_executor","x":798,"category":"Spell","time":"2026-06-09T11:57:37+02:00","message":"classified slot"}
{"level":"info","component":"attack_executor","x":798,"time":"2026-06-09T11:57:37+02:00","message":"classified last slot as CC"}
{"level":"warn","component":"attack_executor","attempt":1,"remaining_slots":5,"time":"2026-06-09T11:57:37+02:00","message":"detected undeployed units, retrying..."}
{"level":"info","component":"attack_executor","x":134,"category":"Troop","time":"2026-06-09T11:57:37+02:00","message":"re-deploying remaining slot"}
{"level":"info","attacks":0,"uptime":"50s","avg_ms":256.3146935217703,"time":"2026-06-09T11:57:40+02:00","message":"bot stats"}
{"level":"info","component":"attack_executor","x":730,"category":"Spell","time":"2026-06-09T11:57:40+02:00","message":"re-deploying remaining slot"}
{"level":"info","component":"attack_executor","x":798,"category":"CC","time":"2026-06-09T11:57:44+02:00","message":"re-deploying remaining slot"}
{"level":"info","component":"attack_executor","slots":11,"time":"2026-06-09T11:57:46+02:00","message":"using 100% precise manual slot mapping"}
{"level":"info","component":"attack_executor","active_xs":[134,212,287,360,433,511,730,798],"time":"2026-06-09T11:57:46+02:00","message":"detected active slots in bar"}
{"level":"info","component":"attack_executor","x":134,"category":"Troop","time":"2026-06-09T11:57:47+02:00","message":"classified slot"}
{"level":"info","component":"attack_executor","x":212,"category":"Siege","time":"2026-06-09T11:57:47+02:00","message":"classified slot"}
{"level":"info","component":"attack_executor","x":287,"category":"Troop","time":"2026-06-09T11:57:47+02:00","message":"classified slot"}
{"level":"info","component":"attack_executor","x":360,"category":"Troop","time":"2026-06-09T11:57:47+02:00","message":"classified slot"}
{"level":"info","component":"attack_executor","x":433,"category":"Siege","time":"2026-06-09T11:57:47+02:00","message":"classified slot"}
{"level":"info","component":"attack_executor","x":511,"category":"Hero","time":"2026-06-09T11:57:47+02:00","message":"classified slot"}
{"level":"info","component":"attack_executor","x":730,"category":"Spell","time":"2026-06-09T11:57:47+02:00","message":"classified slot"}
{"level":"info","component":"attack_executor","x":798,"category":"Spell","time":"2026-06-09T11:57:47+02:00","message":"classified slot"}
{"level":"info","component":"attack_executor","x":798,"time":"2026-06-09T11:57:47+02:00","message":"classified last slot as CC"}
{"level":"warn","component":"attack_executor","attempt":2,"remaining_slots":5,"time":"2026-06-09T11:57:47+02:00","message":"detected undeployed units, retrying..."}
{"level":"info","component":"attack_executor","x":134,"category":"Troop","time":"2026-06-09T11:57:47+02:00","message":"re-deploying remaining slot"}
{"level":"info","attacks":0,"uptime":"1m0s","avg_ms":265.0880508851164,"time":"2026-06-09T11:57:50+02:00","message":"bot stats"}
{"level":"info","component":"attack_executor","x":730,"category":"Spell","time":"2026-06-09T11:57:50+02:00","message":"re-deploying remaining slot"}
{"level":"info","component":"attack_executor","x":798,"category":"CC","time":"2026-06-09T11:57:54+02:00","message":"re-deploying remaining slot"}
{"level":"info","bot":"orchestrator","file":"diag_20260609_115755.png","time":"2026-06-09T11:57:55+02:00","message":"saved diagnostic screenshot"}
{"level":"info","bot":"orchestrator","file":"diag_20260609_115755.json","time":"2026-06-09T11:57:55+02:00","message":"saved diagnostic data"}
{"level":"info","bot":"orchestrator","time":"2026-06-09T11:57:55+02:00","message":"battle deployment complete, waiting for battle to end naturally..."}
{"level":"info","attacks":0,"uptime":"1m10s","avg_ms":307.38255321409963,"time":"2026-06-09T11:58:00+02:00","message":"bot stats"}
{"level":"info","attacks":0,"uptime":"1m20s","avg_ms":258.78738127698654,"time":"2026-06-09T11:58:10+02:00","message":"bot stats"}
{"level":"info","attacks":0,"uptime":"1m30s","avg_ms":252.31552216832108,"time":"2026-06-09T11:58:20+02:00","message":"bot stats"}
{"level":"info","attacks":0,"uptime":"1m40s","avg_ms":257.8224403849877,"time":"2026-06-09T11:58:30+02:00","message":"bot stats"}
{"level":"info","attacks":0,"uptime":"1m50s","avg_ms":232.14747903699407,"time":"2026-06-09T11:58:40+02:00","message":"bot stats"}
{"level":"info","attacks":0,"uptime":"2m0s","avg_ms":241.16222741385107,"time":"2026-06-09T11:58:50+02:00","message":"bot stats"}
{"level":"info","attacks":0,"uptime":"2m10s","avg_ms":230.16999652973794,"time":"2026-06-09T11:59:00+02:00","message":"bot stats"}
{"level":"info","attacks":0,"uptime":"2m20s","avg_ms":229.33104393237195,"time":"2026-06-09T11:59:10+02:00","message":"bot stats"}
{"level":"info","attacks":0,"uptime":"2m30s","avg_ms":225.6608717568053,"time":"2026-06-09T11:59:20+02:00","message":"bot stats"}
{"level":"info","attacks":0,"uptime":"2m40s","avg_ms":212.21008618736508,"time":"2026-06-09T11:59:30+02:00","message":"bot stats"}
{"level":"info","attacks":0,"uptime":"2m50s","avg_ms":205.5732745257511,"time":"2026-06-09T11:59:40+02:00","message":"bot stats"}
{"level":"info","attacks":0,"uptime":"3m0s","avg_ms":205.43985236800526,"time":"2026-06-09T11:59:50+02:00","message":"bot stats"}
{"level":"info","attacks":0,"uptime":"3m10s","avg_ms":224.45853426515592,"time":"2026-06-09T12:00:00+02:00","message":"bot stats"}
{"level":"info","attacks":0,"uptime":"3m20s","avg_ms":231.73195076003609,"time":"2026-06-09T12:00:10+02:00","message":"bot stats"}
{"level":"info","bot":"orchestrator","time":"2026-06-09T12:00:15+02:00","message":"saved battle result screenshot to last_battle_result.png"}
{"level":"info","bot":"orchestrator","component":"loot_recognizer","time":"2026-06-09T12:00:15+02:00","message":"Loaded custom battle loot ROIs from assets/battle_loot_rois.json"}
{"level":"info","bot":"orchestrator","component":"loot_recognizer","time":"2026-06-09T12:00:15+02:00","message":"Loaded custom star points from assets/star_points.json"}
{"level":"info","bot":"orchestrator","stars":2,"gold":1210360,"bonus_gold":0,"time":"2026-06-09T12:00:15+02:00","message":"battle result processed"}
{"level":"info","attacks":0,"uptime":"3m30s","avg_ms":174.8994215007665,"time":"2026-06-09T12:00:20+02:00","message":"bot stats"}
{"level":"info","bot":"orchestrator","attacks":1,"stars":"3⭐:0 | 2⭐:1 | 1⭐:0 | 0⭐:0","loot":"Gold: 1210360 | Elixir: 759046 | DE: 11926","uptime":216875.856292,"time":"2026-06-09T12:00:27+02:00","message":"=== SESSION SUMMARY ==="}
{"level":"info","bot":"orchestrator","time":"2026-06-09T12:00:27+02:00","message":"attack button detected, starting sequence"}
{"level":"info","bot":"orchestrator","step":"Attack","time":"2026-06-09T12:00:27+02:00","message":"pinpoint match, clicking..."}
{"level":"info","bot":"orchestrator","step":"Find Match","time":"2026-06-09T12:00:29+02:00","message":"pinpoint match, clicking..."}
{"level":"info","attacks":1,"uptime":"3m40s","avg_ms":205.82580316319445,"time":"2026-06-09T12:00:30+02:00","message":"bot stats"}
{"level":"info","bot":"orchestrator","step":"Army Arrow","time":"2026-06-09T12:00:31+02:00","message":"pinpoint match, clicking..."}
{"level":"info","bot":"orchestrator","step":"Army 1","time":"2026-06-09T12:00:32+02:00","message":"pinpoint match, clicking..."}
{"level":"info","bot":"orchestrator","step":"Battle","time":"2026-06-09T12:00:34+02:00","message":"pinpoint match, clicking..."}
{"level":"info","bot":"orchestrator","time":"2026-06-09T12:00:34+02:00","message":"waiting for battle state (searching)..."}
{"level":"info","bot":"orchestrator","time":"2026-06-09T12:00:36+02:00","message":"in army menu, retrying battle click..."}
{"level":"info","bot":"orchestrator","step":"Battle Retry","time":"2026-06-09T12:00:36+02:00","message":"pinpoint match, clicking..."}
{"level":"info","bot":"orchestrator","time":"2026-06-09T12:00:37+02:00","message":"in clouds/loading..."}
{"level":"info","time":"2026-06-09T12:00:38+02:00","message":"shutdown signal received"}
{"level":"info","time":"2026-06-09T12:00:38+02:00","message":"shutting down..."}
{"level":"info","time":"2026-06-09T12:01:14+02:00","message":"Web Dashboard available at http://0.0.0.0:8080"}
{"level":"info","time":"2026-06-09T12:01:23+02:00","message":"initializing bot startup sequence..."}
{"level":"info","time":"2026-06-09T12:01:23+02:00","message":"verifying BlueStacks configuration..."}
{"level":"info","time":"2026-06-09T12:01:23+02:00","message":"ADB device connected"}
{"level":"info","time":"2026-06-09T12:01:23+02:00","message":"BlueStacks already running with correct resolution"}
{"level":"info","time":"2026-06-09T12:01:23+02:00","message":"waiting for ADB connection (up to 90s)..."}
{"level":"info","time":"2026-06-09T12:01:23+02:00","message":"ADB connected successfully"}
{"level":"info","time":"2026-06-09T12:01:23+02:00","message":"waiting for Android system to report 'boot_completed'..."}
{"level":"info","time":"2026-06-09T12:01:23+02:00","message":"Android system is ready"}
{"level":"info","time":"2026-06-09T12:01:23+02:00","message":"checking game status..."}
{"level":"info","package":"com.supercell.clashofclans","time":"2026-06-09T12:01:23+02:00","message":"ensuring clean state by restarting game..."}
{"level":"info","package":"com.supercell.clashofclans","time":"2026-06-09T12:01:25+02:00","message":"launching game..."}
{"level":"info","time":"2026-06-09T12:01:25+02:00","message":"waiting for game to settle..."}
{"level":"info","time":"2026-06-09T12:01:40+02:00","message":"starting calibration..."}
{"level":"info","templates":77,"time":"2026-06-09T12:01:41+02:00","message":"templates loaded"}
{"level":"info","bot":"orchestrator","device":"localhost:5555","resolution":"860x732","scale":"1.000x1.000","time":"2026-06-09T12:01:41+02:00","message":"connected"}
{"level":"info","bot":"orchestrator","x":842,"y":345,"time":"2026-06-09T12:01:41+02:00","message":"performing initial focus click"}
{"level":"info","bot":"orchestrator","time":"2026-06-09T12:01:43+02:00","message":"attack button detected, starting sequence"}
{"level":"info","bot":"orchestrator","step":"Attack","time":"2026-06-09T12:01:43+02:00","message":"pinpoint match, clicking..."}
{"level":"info","bot":"orchestrator","time":"2026-06-09T12:01:44+02:00","message":"main village elements detected, performing initial zoom out..."}
{"level":"info","bot":"orchestrator","step":"Find Match","time":"2026-06-09T12:01:45+02:00","message":"pinpoint match, clicking..."}
{"level":"info","bot":"orchestrator","step":"Army Arrow","time":"2026-06-09T12:01:46+02:00","message":"pinpoint match, clicking..."}
{"level":"info","bot":"orchestrator","step":"Army 1","time":"2026-06-09T12:01:48+02:00","message":"pinpoint match, clicking..."}
{"level":"info","bot":"orchestrator","step":"Battle","conf":0.4588473439216614,"x":390,"y":641,"time":"2026-06-09T12:01:49+02:00","message":"clicking (fallback match)"}
{"level":"info","bot":"orchestrator","time":"2026-06-09T12:01:49+02:00","message":"waiting for battle state (searching)..."}
{"level":"info","bot":"orchestrator","state":"MainVillage","time":"2026-06-09T12:01:50+02:00","message":"waiting for battle state (searching)..."}
{"level":"info","bot":"orchestrator","state":"BattleEnd","time":"2026-06-09T12:01:52+02:00","message":"waiting for battle state (searching)..."}
{"level":"info","bot":"orchestrator","state":"BattleEnd","time":"2026-06-09T12:01:53+02:00","message":"waiting for battle state (searching)..."}
{"level":"info","bot":"orchestrator","state":"BattleEnd","time":"2026-06-09T12:01:55+02:00","message":"waiting for battle state (searching)..."}
{"level":"info","bot":"orchestrator","state":"BattleEnd","time":"2026-06-09T12:01:56+02:00","message":"waiting for battle state (searching)..."}
{"level":"info","bot":"orchestrator","state":"BattleEnd","time":"2026-06-09T12:01:57+02:00","message":"waiting for battle state (searching)..."}
{"level":"info","bot":"orchestrator","state":"BattleEnd","time":"2026-06-09T12:01:59+02:00","message":"waiting for battle state (searching)..."}
{"level":"info","bot":"orchestrator","state":"BattleEnd","time":"2026-06-09T12:02:00+02:00","message":"waiting for battle state (searching)..."}
{"level":"info","bot":"orchestrator","state":"BattleEnd","time":"2026-06-09T12:02:02+02:00","message":"waiting for battle state (searching)..."}
{"level":"info","bot":"orchestrator","state":"BattleEnd","time":"2026-06-09T12:02:03+02:00","message":"waiting for battle state (searching)..."}
{"level":"info","bot":"orchestrator","state":"BattleEnd","time":"2026-06-09T12:02:04+02:00","message":"waiting for battle state (searching)..."}
{"level":"info","bot":"orchestrator","state":"BattleEnd","time":"2026-06-09T12:02:06+02:00","message":"waiting for battle state (searching)..."}
{"level":"info","bot":"orchestrator","state":"BattleEnd","time":"2026-06-09T12:02:07+02:00","message":"waiting for battle state (searching)..."}
{"level":"info","bot":"orchestrator","state":"BattleEnd","time":"2026-06-09T12:02:09+02:00","message":"waiting for battle state (searching)..."}
{"level":"info","bot":"orchestrator","state":"BattleEnd","time":"2026-06-09T12:02:10+02:00","message":"waiting for battle state (searching)..."}
{"level":"info","bot":"orchestrator","state":"BattleEnd","time":"2026-06-09T12:02:12+02:00","message":"waiting for battle state (searching)..."}
{"level":"info","bot":"orchestrator","state":"BattleEnd","time":"2026-06-09T12:02:13+02:00","message":"waiting for battle state (searching)..."}
{"level":"info","bot":"orchestrator","state":"BattleEnd","time":"2026-06-09T12:02:15+02:00","message":"waiting for battle state (searching)..."}
{"level":"info","time":"2026-06-09T12:04:03+02:00","message":"initializing bot startup sequence..."}
{"level":"info","time":"2026-06-09T12:04:03+02:00","message":"verifying BlueStacks configuration..."}
{"level":"info","time":"2026-06-09T12:04:03+02:00","message":"ADB device connected"}
{"level":"info","time":"2026-06-09T12:04:03+02:00","message":"BlueStacks already running with correct resolution"}
{"level":"info","time":"2026-06-09T12:04:03+02:00","message":"waiting for ADB connection (up to 90s)..."}
{"level":"info","time":"2026-06-09T12:04:03+02:00","message":"ADB connected successfully"}
{"level":"info","time":"2026-06-09T12:04:03+02:00","message":"waiting for Android system to report 'boot_completed'..."}
{"level":"info","time":"2026-06-09T12:04:03+02:00","message":"Android system is ready"}
{"level":"info","time":"2026-06-09T12:04:03+02:00","message":"checking game status..."}
{"level":"info","package":"com.supercell.clashofclans","time":"2026-06-09T12:04:03+02:00","message":"ensuring clean state by restarting game..."}
{"level":"info","package":"com.supercell.clashofclans","time":"2026-06-09T12:04:06+02:00","message":"launching game..."}
{"level":"info","time":"2026-06-09T12:04:06+02:00","message":"waiting for game to settle..."}
{"level":"info","time":"2026-06-09T12:04:21+02:00","message":"starting calibration..."}
{"level":"info","templates":77,"time":"2026-06-09T12:04:21+02:00","message":"templates loaded"}
{"level":"info","bot":"orchestrator","device":"localhost:5555","resolution":"860x732","scale":"1.000x1.000","time":"2026-06-09T12:04:21+02:00","message":"connected"}
{"level":"info","bot":"orchestrator","x":842,"y":345,"time":"2026-06-09T12:04:21+02:00","message":"performing initial focus click"}
{"level":"info","bot":"orchestrator","time":"2026-06-09T12:04:23+02:00","message":"attack button detected, starting sequence"}
{"level":"info","bot":"orchestrator","step":"Attack","time":"2026-06-09T12:04:23+02:00","message":"pinpoint match, clicking..."}
{"level":"info","bot":"orchestrator","time":"2026-06-09T12:04:24+02:00","message":"main village elements detected, performing initial zoom out..."}
{"level":"info","bot":"orchestrator","step":"Find Match","time":"2026-06-09T12:04:25+02:00","message":"pinpoint match, clicking..."}
{"level":"info","bot":"orchestrator","step":"Army Arrow","time":"2026-06-09T12:04:27+02:00","message":"pinpoint match, clicking..."}
{"level":"info","bot":"orchestrator","step":"Army 1","time":"2026-06-09T12:04:28+02:00","message":"pinpoint match, clicking..."}
{"level":"info","time":"2026-06-09T12:04:30+02:00","message":"shutdown signal received"}
{"level":"info","time":"2026-06-09T12:04:30+02:00","message":"shutting down..."}
{"level":"info","time":"2026-06-09T12:06:26+02:00","message":"initializing bot startup sequence..."}
{"level":"info","time":"2026-06-09T12:06:26+02:00","message":"verifying BlueStacks configuration..."}
{"level":"info","time":"2026-06-09T12:06:26+02:00","message":"ADB device connected"}
{"level":"info","time":"2026-06-09T12:06:26+02:00","message":"BlueStacks already running with correct resolution"}
{"level":"info","time":"2026-06-09T12:06:26+02:00","message":"waiting for ADB connection (up to 90s)..."}
{"level":"info","time":"2026-06-09T12:06:26+02:00","message":"ADB connected successfully"}
{"level":"info","time":"2026-06-09T12:06:26+02:00","message":"waiting for Android system to report 'boot_completed'..."}
{"level":"info","time":"2026-06-09T12:06:26+02:00","message":"Android system is ready"}
{"level":"info","time":"2026-06-09T12:06:26+02:00","message":"checking game status..."}
{"level":"info","package":"com.supercell.clashofclans","time":"2026-06-09T12:06:26+02:00","message":"ensuring clean state by restarting game..."}
{"level":"info","package":"com.supercell.clashofclans","time":"2026-06-09T12:06:28+02:00","message":"launching game..."}
{"level":"info","time":"2026-06-09T12:06:29+02:00","message":"waiting for game to settle..."}
{"level":"info","time":"2026-06-09T12:06:44+02:00","message":"starting calibration..."}
{"level":"info","templates":77,"time":"2026-06-09T12:06:44+02:00","message":"templates loaded"}
{"level":"info","bot":"orchestrator","device":"localhost:5555","resolution":"860x732","scale":"1.000x1.000","time":"2026-06-09T12:06:44+02:00","message":"connected"}
{"level":"info","bot":"orchestrator","x":842,"y":345,"time":"2026-06-09T12:06:44+02:00","message":"performing initial focus click"}
{"level":"info","time":"2026-06-09T12:06:44+02:00","message":"ADB TAP: (842, 345)"}
{"level":"info","bot":"orchestrator","time":"2026-06-09T12:06:46+02:00","message":"attack button detected, starting sequence"}
{"level":"info","bot":"orchestrator","step":"Attack","time":"2026-06-09T12:06:46+02:00","message":"pinpoint match, clicking..."}
{"level":"info","time":"2026-06-09T12:06:46+02:00","message":"ADB TAP: (64, 666)"}
{"level":"info","bot":"orchestrator","time":"2026-06-09T12:06:47+02:00","message":"main village elements detected, performing initial zoom out..."}
{"level":"info","bot":"orchestrator","step":"Find Match","time":"2026-06-09T12:06:48+02:00","message":"pinpoint match, clicking..."}
{"level":"info","time":"2026-06-09T12:06:48+02:00","message":"ADB TAP: (158, 494)"}
{"level":"info","bot":"orchestrator","step":"Army Arrow","time":"2026-06-09T12:06:50+02:00","message":"pinpoint match, clicking..."}
{"level":"info","time":"2026-06-09T12:06:50+02:00","message":"ADB TAP: (514, 192)"}
{"level":"info","bot":"orchestrator","step":"Army 1","time":"2026-06-09T12:06:51+02:00","message":"pinpoint match, clicking..."}
{"level":"info","time":"2026-06-09T12:06:51+02:00","message":"ADB TAP: (513, 250)"}
{"level":"info","bot":"orchestrator","step":"Battle","time":"2026-06-09T12:06:53+02:00","message":"pinpoint match, clicking..."}
{"level":"info","time":"2026-06-09T12:06:53+02:00","message":"ADB TAP: (731, 537)"}
{"level":"info","bot":"orchestrator","time":"2026-06-09T12:06:53+02:00","message":"waiting for battle state (searching)..."}
{"level":"info","bot":"orchestrator","time":"2026-06-09T12:06:53+02:00","message":"in army menu, retrying battle click..."}
{"level":"info","bot":"orchestrator","step":"Battle Retry","time":"2026-06-09T12:06:54+02:00","message":"pinpoint match, clicking..."}
{"level":"info","time":"2026-06-09T12:06:54+02:00","message":"ADB TAP: (731, 537)"}
{"level":"info","attacks":0,"uptime":"10s","avg_ms":197.3716767259289,"time":"2026-06-09T12:06:54+02:00","message":"bot stats"}
{"level":"info","bot":"orchestrator","time":"2026-06-09T12:06:56+02:00","message":"in army menu, retrying battle click..."}
{"level":"info","bot":"orchestrator","step":"Battle Retry","time":"2026-06-09T12:06:56+02:00","message":"pinpoint match, clicking..."}
{"level":"info","time":"2026-06-09T12:06:56+02:00","message":"ADB TAP: (731, 537)"}
{"level":"info","bot":"orchestrator","time":"2026-06-09T12:06:58+02:00","message":"in army menu, retrying battle click..."}
{"level":"info","bot":"orchestrator","step":"Battle Retry","time":"2026-06-09T12:06:58+02:00","message":"pinpoint match, clicking..."}
{"level":"info","time":"2026-06-09T12:06:58+02:00","message":"ADB TAP: (731, 537)"}
{"level":"info","bot":"orchestrator","time":"2026-06-09T12:07:00+02:00","message":"in army menu, retrying battle click..."}
{"level":"info","bot":"orchestrator","step":"Battle Retry","time":"2026-06-09T12:07:00+02:00","message":"pinpoint match, clicking..."}
{"level":"info","time":"2026-06-09T12:07:00+02:00","message":"ADB TAP: (731, 537)"}
{"level":"info","bot":"orchestrator","time":"2026-06-09T12:07:02+02:00","message":"in army menu, retrying battle click..."}
{"level":"info","bot":"orchestrator","step":"Battle Retry","time":"2026-06-09T12:07:02+02:00","message":"pinpoint match, clicking..."}
{"level":"info","time":"2026-06-09T12:07:02+02:00","message":"ADB TAP: (731, 537)"}
{"level":"info","bot":"orchestrator","time":"2026-06-09T12:07:04+02:00","message":"in army menu, retrying battle click..."}
{"level":"info","bot":"orchestrator","step":"Battle Retry","time":"2026-06-09T12:07:04+02:00","message":"pinpoint match, clicking..."}
{"level":"info","time":"2026-06-09T12:07:04+02:00","message":"ADB TAP: (731, 537)"}
{"level":"info","attacks":0,"uptime":"20s","avg_ms":193.08336787610855,"time":"2026-06-09T12:07:04+02:00","message":"bot stats"}
{"level":"info","bot":"orchestrator","time":"2026-06-09T12:07:06+02:00","message":"in army menu, retrying battle click..."}
{"level":"info","bot":"orchestrator","step":"Battle Retry","time":"2026-06-09T12:07:06+02:00","message":"pinpoint match, clicking..."}
{"level":"info","time":"2026-06-09T12:07:06+02:00","message":"ADB TAP: (731, 537)"}
{"level":"info","bot":"orchestrator","time":"2026-06-09T12:07:08+02:00","message":"in army menu, retrying battle click..."}
{"level":"info","bot":"orchestrator","step":"Battle Retry","time":"2026-06-09T12:07:08+02:00","message":"pinpoint match, clicking..."}
{"level":"info","time":"2026-06-09T12:07:08+02:00","message":"ADB TAP: (731, 537)"}
{"level":"info","bot":"orchestrator","time":"2026-06-09T12:07:10+02:00","message":"in army menu, retrying battle click..."}
{"level":"info","bot":"orchestrator","step":"Battle Retry","time":"2026-06-09T12:07:10+02:00","message":"pinpoint match, clicking..."}
{"level":"info","time":"2026-06-09T12:07:10+02:00","message":"ADB TAP: (731, 537)"}
{"level":"info","bot":"orchestrator","time":"2026-06-09T12:07:12+02:00","message":"in army menu, retrying battle click..."}
{"level":"info","bot":"orchestrator","step":"Battle Retry","time":"2026-06-09T12:07:12+02:00","message":"pinpoint match, clicking..."}
{"level":"info","time":"2026-06-09T12:07:12+02:00","message":"ADB TAP: (731, 537)"}
{"level":"info","bot":"orchestrator","time":"2026-06-09T12:07:14+02:00","message":"in army menu, retrying battle click..."}
{"level":"info","attacks":0,"uptime":"30s","avg_ms":196.4665963884837,"time":"2026-06-09T12:07:14+02:00","message":"bot stats"}
{"level":"info","bot":"orchestrator","step":"Battle Retry","time":"2026-06-09T12:07:14+02:00","message":"pinpoint match, clicking..."}
{"level":"info","time":"2026-06-09T12:07:14+02:00","message":"ADB TAP: (731, 537)"}
{"level":"info","bot":"orchestrator","time":"2026-06-09T12:07:16+02:00","message":"in army menu, retrying battle click..."}
{"level":"info","bot":"orchestrator","step":"Battle Retry","time":"2026-06-09T12:07:16+02:00","message":"pinpoint match, clicking..."}
{"level":"info","time":"2026-06-09T12:07:16+02:00","message":"ADB TAP: (731, 537)"}
{"level":"info","bot":"orchestrator","time":"2026-06-09T12:07:18+02:00","message":"in army menu, retrying battle click..."}
{"level":"info","bot":"orchestrator","step":"Battle Retry","time":"2026-06-09T12:07:18+02:00","message":"pinpoint match, clicking..."}
{"level":"info","time":"2026-06-09T12:07:18+02:00","message":"ADB TAP: (731, 537)"}
{"level":"info","bot":"orchestrator","time":"2026-06-09T12:07:20+02:00","message":"in army menu, retrying battle click..."}
{"level":"info","bot":"orchestrator","step":"Battle Retry","time":"2026-06-09T12:07:20+02:00","message":"pinpoint match, clicking..."}
{"level":"info","time":"2026-06-09T12:07:20+02:00","message":"ADB TAP: (731, 537)"}
{"level":"info","bot":"orchestrator","time":"2026-06-09T12:07:22+02:00","message":"in army menu, retrying battle click..."}
{"level":"info","bot":"orchestrator","step":"Battle Retry","time":"2026-06-09T12:07:22+02:00","message":"pinpoint match, clicking..."}
{"level":"info","time":"2026-06-09T12:07:22+02:00","message":"ADB TAP: (731, 537)"}
{"level":"info","bot":"orchestrator","time":"2026-06-09T12:07:24+02:00","message":"in army menu, retrying battle click..."}
{"level":"info","bot":"orchestrator","step":"Battle Retry","time":"2026-06-09T12:07:24+02:00","message":"pinpoint match, clicking..."}
{"level":"info","time":"2026-06-09T12:07:24+02:00","message":"ADB TAP: (731, 537)"}
{"level":"info","attacks":0,"uptime":"40s","avg_ms":186.7098875340346,"time":"2026-06-09T12:07:24+02:00","message":"bot stats"}
{"level":"info","bot":"orchestrator","time":"2026-06-09T12:07:26+02:00","message":"in army menu, retrying battle click..."}
{"level":"info","bot":"orchestrator","step":"Battle Retry","time":"2026-06-09T12:07:26+02:00","message":"pinpoint match, clicking..."}
{"level":"info","time":"2026-06-09T12:07:26+02:00","message":"ADB TAP: (731, 537)"}
{"level":"info","bot":"orchestrator","time":"2026-06-09T12:07:28+02:00","message":"in army menu, retrying battle click..."}
{"level":"info","bot":"orchestrator","step":"Battle Retry","time":"2026-06-09T12:07:28+02:00","message":"pinpoint match, clicking..."}
{"level":"info","time":"2026-06-09T12:07:28+02:00","message":"ADB TAP: (731, 537)"}
{"level":"info","bot":"orchestrator","time":"2026-06-09T12:07:30+02:00","message":"in army menu, retrying battle click..."}
{"level":"info","bot":"orchestrator","step":"Battle Retry","time":"2026-06-09T12:07:30+02:00","message":"pinpoint match, clicking..."}
{"level":"info","time":"2026-06-09T12:07:30+02:00","message":"ADB TAP: (731, 537)"}
{"level":"info","bot":"orchestrator","time":"2026-06-09T12:07:32+02:00","message":"in army menu, retrying battle click..."}
{"level":"info","bot":"orchestrator","step":"Battle Retry","time":"2026-06-09T12:07:32+02:00","message":"pinpoint match, clicking..."}
{"level":"info","time":"2026-06-09T12:07:32+02:00","message":"ADB TAP: (731, 537)"}
{"level":"info","bot":"orchestrator","time":"2026-06-09T12:07:34+02:00","message":"in army menu, retrying battle click..."}
{"level":"info","attacks":0,"uptime":"50s","avg_ms":170.85386315030755,"time":"2026-06-09T12:07:35+02:00","message":"bot stats"}
{"level":"info","bot":"orchestrator","step":"Battle Retry","time":"2026-06-09T12:07:35+02:00","message":"pinpoint match, clicking..."}
{"level":"info","time":"2026-06-09T12:07:35+02:00","message":"ADB TAP: (731, 537)"}
{"level":"info","bot":"orchestrator","time":"2026-06-09T12:07:36+02:00","message":"in army menu, retrying battle click..."}
{"level":"info","bot":"orchestrator","step":"Battle Retry","time":"2026-06-09T12:07:37+02:00","message":"pinpoint match, clicking..."}
{"level":"info","time":"2026-06-09T12:07:37+02:00","message":"ADB TAP: (731, 537)"}
{"level":"info","bot":"orchestrator","time":"2026-06-09T12:07:38+02:00","message":"in army menu, retrying battle click..."}
{"level":"info","bot":"orchestrator","step":"Battle Retry","time":"2026-06-09T12:07:39+02:00","message":"pinpoint match, clicking..."}
{"level":"info","time":"2026-06-09T12:07:39+02:00","message":"ADB TAP: (731, 537)"}
{"level":"info","bot":"orchestrator","time":"2026-06-09T12:07:40+02:00","message":"in army menu, retrying battle click..."}
{"level":"info","bot":"orchestrator","step":"Battle Retry","time":"2026-06-09T12:07:41+02:00","message":"pinpoint match, clicking..."}
{"level":"info","time":"2026-06-09T12:07:41+02:00","message":"ADB TAP: (731, 537)"}
{"level":"info","bot":"orchestrator","time":"2026-06-09T12:07:42+02:00","message":"in army menu, retrying battle click..."}
{"level":"info","bot":"orchestrator","step":"Battle Retry","time":"2026-06-09T12:07:42+02:00","message":"pinpoint match, clicking..."}
{"level":"info","time":"2026-06-09T12:07:43+02:00","message":"ADB TAP: (731, 537)"}
{"level":"info","attacks":0,"uptime":"1m0s","avg_ms":178.64175653101015,"time":"2026-06-09T12:07:44+02:00","message":"bot stats"}
{"level":"info","bot":"orchestrator","time":"2026-06-09T12:07:44+02:00","message":"in army menu, retrying battle click..."}
{"level":"info","bot":"orchestrator","step":"Battle Retry","time":"2026-06-09T12:07:44+02:00","message":"pinpoint match, clicking..."}
{"level":"info","time":"2026-06-09T12:07:45+02:00","message":"ADB TAP: (731, 537)"}
{"level":"info","bot":"orchestrator","time":"2026-06-09T12:07:46+02:00","message":"in army menu, retrying battle click..."}
{"level":"info","bot":"orchestrator","step":"Battle Retry","time":"2026-06-09T12:07:46+02:00","message":"pinpoint match, clicking..."}
{"level":"info","time":"2026-06-09T12:07:47+02:00","message":"ADB TAP: (731, 537)"}
{"level":"info","bot":"orchestrator","time":"2026-06-09T12:07:48+02:00","message":"in army menu, retrying battle click..."}
{"level":"info","bot":"orchestrator","step":"Battle Retry","time":"2026-06-09T12:07:48+02:00","message":"pinpoint match, clicking..."}
{"level":"info","time":"2026-06-09T12:07:48+02:00","message":"ADB TAP: (731, 537)"}
{"level":"info","bot":"orchestrator","time":"2026-06-09T12:07:50+02:00","message":"in army menu, retrying battle click..."}
{"level":"info","bot":"orchestrator","step":"Battle Retry","time":"2026-06-09T12:07:50+02:00","message":"pinpoint match, clicking..."}
{"level":"info","time":"2026-06-09T12:07:50+02:00","message":"ADB TAP: (731, 537)"}
{"level":"info","bot":"orchestrator","time":"2026-06-09T12:07:52+02:00","message":"in army menu, retrying battle click..."}
{"level":"info","bot":"orchestrator","step":"Battle Retry","time":"2026-06-09T12:07:52+02:00","message":"pinpoint match, clicking..."}
{"level":"info","time":"2026-06-09T12:07:52+02:00","message":"ADB TAP: (731, 537)"}
{"level":"warn","bot":"orchestrator","timeout":60000,"time":"2026-06-09T12:07:54+02:00","message":"timed out waiting for battle"}
{"level":"warn","bot":"orchestrator","time":"2026-06-09T12:07:54+02:00","message":"attack click sequence failed, recovering to main village"}
{"level":"info","attacks":0,"uptime":"1m10s","avg_ms":184.98760084537437,"time":"2026-06-09T12:07:54+02:00","message":"bot stats"}
{"level":"info","time":"2026-06-09T12:07:59+02:00","message":"shutdown signal received"}
{"level":"info","time":"2026-06-09T12:07:59+02:00","message":"shutting down..."}
{"level":"info","time":"2026-06-09T12:07:59+02:00","message":"shutdown complete"}
{"level":"info","time":"2026-06-09T12:08:42+02:00","message":"initializing bot startup sequence..."}
{"level":"info","time":"2026-06-09T12:08:42+02:00","message":"verifying BlueStacks configuration..."}
{"level":"info","time":"2026-06-09T12:08:42+02:00","message":"ADB device connected"}
{"level":"info","time":"2026-06-09T12:08:42+02:00","message":"BlueStacks already running with correct resolution"}
{"level":"info","time":"2026-06-09T12:08:42+02:00","message":"waiting for ADB connection (up to 90s)..."}
{"level":"info","time":"2026-06-09T12:08:42+02:00","message":"ADB connected successfully"}
{"level":"info","time":"2026-06-09T12:08:42+02:00","message":"waiting for Android system to report 'boot_completed'..."}
{"level":"info","time":"2026-06-09T12:08:42+02:00","message":"Android system is ready"}
{"level":"info","time":"2026-06-09T12:08:42+02:00","message":"checking game status..."}
{"level":"info","package":"com.supercell.clashofclans","time":"2026-06-09T12:08:42+02:00","message":"ensuring clean state by restarting game..."}
{"level":"info","package":"com.supercell.clashofclans","time":"2026-06-09T12:08:44+02:00","message":"launching game..."}
{"level":"info","time":"2026-06-09T12:08:44+02:00","message":"waiting for game to settle..."}
{"level":"info","time":"2026-06-09T12:08:59+02:00","message":"starting calibration..."}
{"level":"info","templates":77,"time":"2026-06-09T12:09:00+02:00","message":"templates loaded"}
{"level":"info","bot":"orchestrator","device":"localhost:5555","resolution":"860x732","scale":"1.000x1.000","time":"2026-06-09T12:09:00+02:00","message":"connected"}
{"level":"info","bot":"orchestrator","x":842,"y":345,"time":"2026-06-09T12:09:00+02:00","message":"performing initial focus click"}
{"level":"info","time":"2026-06-09T12:09:00+02:00","message":"ADB TAP: (842, 345)"}
{"level":"info","bot":"orchestrator","time":"2026-06-09T12:09:02+02:00","message":"attack button detected, starting sequence"}
{"level":"info","bot":"orchestrator","step":"Attack","time":"2026-06-09T12:09:02+02:00","message":"pinpoint match, clicking..."}
{"level":"info","time":"2026-06-09T12:09:02+02:00","message":"ADB TAP: (64, 666)"}
{"level":"info","bot":"orchestrator","time":"2026-06-09T12:09:03+02:00","message":"main village elements detected, performing initial zoom out..."}
{"level":"info","bot":"orchestrator","step":"Find Match","time":"2026-06-09T12:09:03+02:00","message":"pinpoint match, clicking..."}
{"level":"info","time":"2026-06-09T12:09:04+02:00","message":"ADB TAP: (158, 494)"}
{"level":"info","bot":"orchestrator","step":"Army Arrow","time":"2026-06-09T12:09:05+02:00","message":"pinpoint match, clicking..."}
{"level":"info","time":"2026-06-09T12:09:05+02:00","message":"ADB TAP: (514, 192)"}
{"level":"info","bot":"orchestrator","step":"Army 1","time":"2026-06-09T12:09:07+02:00","message":"pinpoint match, clicking..."}
{"level":"info","time":"2026-06-09T12:09:07+02:00","message":"ADB TAP: (513, 250)"}
{"level":"info","bot":"orchestrator","step":"Battle","time":"2026-06-09T12:09:08+02:00","message":"pinpoint match, clicking..."}
{"level":"info","time":"2026-06-09T12:09:08+02:00","message":"ADB TAP: (731, 537)"}
{"level":"info","bot":"orchestrator","time":"2026-06-09T12:09:08+02:00","message":"waiting for battle state (searching)..."}
{"level":"info","bot":"orchestrator","state":"MainVillage","time":"2026-06-09T12:09:09+02:00","message":"waiting for battle state (searching)..."}
{"level":"info","attacks":0,"uptime":"10s","avg_ms":190.00657618719524,"time":"2026-06-09T12:09:10+02:00","message":"bot stats"}
{"level":"info","bot":"orchestrator","state":"MainVillage","time":"2026-06-09T12:09:10+02:00","message":"waiting for battle state (searching)..."}
{"level":"info","bot":"orchestrator","state":"MainVillage","time":"2026-06-09T12:09:12+02:00","message":"waiting for battle state (searching)..."}
{"level":"info","bot":"orchestrator","state":"MainVillage","time":"2026-06-09T12:09:14+02:00","message":"waiting for battle state (searching)..."}
{"level":"info","bot":"orchestrator","state":"MainVillage","time":"2026-06-09T12:09:16+02:00","message":"waiting for battle state (searching)..."}
{"level":"info","bot":"orchestrator","state":"MainVillage","time":"2026-06-09T12:09:17+02:00","message":"waiting for battle state (searching)..."}
{"level":"info","bot":"orchestrator","state":"MainVillage","time":"2026-06-09T12:09:19+02:00","message":"waiting for battle state (searching)..."}
{"level":"info","attacks":0,"uptime":"20s","avg_ms":184.61441559706103,"time":"2026-06-09T12:09:20+02:00","message":"bot stats"}
{"level":"info","bot":"orchestrator","state":"MainVillage","time":"2026-06-09T12:09:21+02:00","message":"waiting for battle state (searching)..."}
{"level":"info","bot":"orchestrator","state":"MainVillage","time":"2026-06-09T12:09:22+02:00","message":"waiting for battle state (searching)..."}
{"level":"info","bot":"orchestrator","state":"MainVillage","time":"2026-06-09T12:09:24+02:00","message":"waiting for battle state (searching)..."}
{"level":"info","bot":"orchestrator","state":"MainVillage","time":"2026-06-09T12:09:26+02:00","message":"waiting for battle state (searching)..."}
{"level":"info","bot":"orchestrator","state":"MainVillage","time":"2026-06-09T12:09:27+02:00","message":"waiting for battle state (searching)..."}
{"level":"info","bot":"orchestrator","state":"MainVillage","time":"2026-06-09T12:09:29+02:00","message":"waiting for battle state (searching)..."}
{"level":"info","attacks":0,"uptime":"30s","avg_ms":202.16433323230845,"time":"2026-06-09T12:09:30+02:00","message":"bot stats"}
{"level":"info","bot":"orchestrator","state":"MainVillage","time":"2026-06-09T12:09:31+02:00","message":"waiting for battle state (searching)..."}
{"level":"info","time":"2026-06-09T12:09:32+02:00","message":"shutdown signal received"}
{"level":"info","time":"2026-06-09T12:09:32+02:00","message":"shutting down..."}
{"level":"info","time":"2026-06-09T12:10:13+02:00","message":"initializing bot startup sequence..."}
{"level":"info","time":"2026-06-09T12:10:13+02:00","message":"verifying BlueStacks configuration..."}
{"level":"info","time":"2026-06-09T12:10:13+02:00","message":"ADB device connected"}
{"level":"info","time":"2026-06-09T12:10:13+02:00","message":"BlueStacks already running with correct resolution"}
{"level":"info","time":"2026-06-09T12:10:13+02:00","message":"waiting for ADB connection (up to 90s)..."}
{"level":"info","time":"2026-06-09T12:10:13+02:00","message":"ADB connected successfully"}
{"level":"info","time":"2026-06-09T12:10:13+02:00","message":"waiting for Android system to report 'boot_completed'..."}
{"level":"info","time":"2026-06-09T12:10:13+02:00","message":"Android system is ready"}
{"level":"info","time":"2026-06-09T12:10:13+02:00","message":"checking game status..."}
{"level":"info","package":"com.supercell.clashofclans","time":"2026-06-09T12:10:13+02:00","message":"ensuring clean state by restarting game..."}
{"level":"info","package":"com.supercell.clashofclans","time":"2026-06-09T12:10:15+02:00","message":"launching game..."}
{"level":"info","time":"2026-06-09T12:10:16+02:00","message":"waiting for game to settle..."}
{"level":"info","time":"2026-06-09T12:10:31+02:00","message":"starting calibration..."}
{"level":"info","templates":77,"time":"2026-06-09T12:10:31+02:00","message":"templates loaded"}
{"level":"info","bot":"orchestrator","device":"localhost:5555","resolution":"860x732","scale":"1.000x1.000","time":"2026-06-09T12:10:31+02:00","message":"connected"}
{"level":"info","bot":"orchestrator","x":842,"y":345,"time":"2026-06-09T12:10:31+02:00","message":"performing initial focus click"}
{"level":"info","time":"2026-06-09T12:10:31+02:00","message":"ADB TAP: (842, 345)"}
{"level":"info","bot":"orchestrator","time":"2026-06-09T12:10:33+02:00","message":"attack button detected, starting sequence"}
{"level":"info","bot":"orchestrator","step":"Attack","time":"2026-06-09T12:10:33+02:00","message":"pinpoint match, clicking..."}
{"level":"info","time":"2026-06-09T12:10:33+02:00","message":"ADB TAP: (64, 666)"}
{"level":"info","bot":"orchestrator","time":"2026-06-09T12:10:34+02:00","message":"main village elements detected, performing initial zoom out..."}
{"level":"info","bot":"orchestrator","step":"Find Match","time":"2026-06-09T12:10:35+02:00","message":"pinpoint match, clicking..."}
{"level":"info","time":"2026-06-09T12:10:35+02:00","message":"ADB TAP: (158, 494)"}
{"level":"info","bot":"orchestrator","step":"Army Arrow","time":"2026-06-09T12:10:37+02:00","message":"pinpoint match, clicking..."}
{"level":"info","time":"2026-06-09T12:10:37+02:00","message":"ADB TAP: (514, 192)"}
{"level":"info","bot":"orchestrator","step":"Army 1","time":"2026-06-09T12:10:38+02:00","message":"pinpoint match, clicking..."}
{"level":"info","time":"2026-06-09T12:10:38+02:00","message":"ADB TAP: (513, 250)"}
{"level":"info","bot":"orchestrator","step":"Battle","time":"2026-06-09T12:10:39+02:00","message":"pinpoint match, clicking..."}
{"level":"info","time":"2026-06-09T12:10:39+02:00","message":"ADB TAP: (731, 537)"}
{"level":"info","bot":"orchestrator","time":"2026-06-09T12:10:40+02:00","message":"waiting for battle state (searching)..."}
{"level":"info","bot":"orchestrator","time":"2026-06-09T12:10:41+02:00","message":"in army menu, retrying battle click..."}
{"level":"info","bot":"orchestrator","step":"Battle Retry","time":"2026-06-09T12:10:41+02:00","message":"pinpoint match, clicking..."}
{"level":"info","time":"2026-06-09T12:10:41+02:00","message":"ADB TAP: (731, 537)"}
{"level":"info","attacks":0,"uptime":"10s","avg_ms":205.02622251208072,"time":"2026-06-09T12:10:41+02:00","message":"bot stats"}
{"level":"info","bot":"orchestrator","time":"2026-06-09T12:10:43+02:00","message":"in clouds/loading..."}
{"level":"info","bot":"orchestrator","time":"2026-06-09T12:10:45+02:00","message":"battle state detected, entering search loop"}
{"level":"info","bot":"orchestrator","time":"2026-06-09T12:10:45+02:00","message":"waiting for base to be found..."}
{"level":"info","bot":"orchestrator","time":"2026-06-09T12:10:47+02:00","message":"base found, reading loot..."}
{"level":"info","bot":"orchestrator","gold":346109,"elixir":151411,"de":1760,"time":"2026-06-09T12:10:48+02:00","message":"loot detected"}
{"level":"info","bot":"orchestrator","time":"2026-06-09T12:10:48+02:00","message":"loot too low, skipping base..."}
{"level":"info","bot":"orchestrator","step":"Next Match","time":"2026-06-09T12:10:48+02:00","message":"pinpoint match, clicking..."}
{"level":"info","time":"2026-06-09T12:10:48+02:00","message":"ADB TAP: (794, 577)"}
{"level":"info","attacks":0,"uptime":"20s","avg_ms":214.76252544333886,"time":"2026-06-09T12:10:51+02:00","message":"bot stats"}
{"level":"info","bot":"orchestrator","time":"2026-06-09T12:10:52+02:00","message":"base found, reading loot..."}
{"level":"info","bot":"orchestrator","gold":421338,"elixir":415713,"de":3558,"time":"2026-06-09T12:10:52+02:00","message":"loot detected"}
{"level":"info","bot":"orchestrator","time":"2026-06-09T12:10:52+02:00","message":"loot too low, skipping base..."}
{"level":"info","bot":"orchestrator","step":"Next Match","time":"2026-06-09T12:10:52+02:00","message":"pinpoint match, clicking..."}
{"level":"info","time":"2026-06-09T12:10:52+02:00","message":"ADB TAP: (794, 577)"}
{"level":"info","bot":"orchestrator","time":"2026-06-09T12:10:56+02:00","message":"base found, reading loot..."}
{"level":"info","bot":"orchestrator","gold":464195,"elixir":485363,"de":2750,"time":"2026-06-09T12:10:57+02:00","message":"loot detected"}
{"level":"info","bot":"orchestrator","time":"2026-06-09T12:10:57+02:00","message":"loot too low, skipping base..."}
{"level":"info","bot":"orchestrator","step":"Next Match","time":"2026-06-09T12:10:57+02:00","message":"pinpoint match, clicking..."}
{"level":"info","time":"2026-06-09T12:10:57+02:00","message":"ADB TAP: (794, 577)"}
{"level":"info","bot":"orchestrator","time":"2026-06-09T12:11:01+02:00","message":"base found, reading loot..."}
{"level":"info","attacks":0,"uptime":"30s","avg_ms":230.40023394233845,"time":"2026-06-09T12:11:01+02:00","message":"bot stats"}
{"level":"info","bot":"orchestrator","gold":48699,"elixir":515257,"de":6338,"time":"2026-06-09T12:11:01+02:00","message":"loot detected"}
{"level":"info","bot":"orchestrator","time":"2026-06-09T12:11:01+02:00","message":"loot too low, skipping base..."}
{"level":"info","bot":"orchestrator","step":"Next Match","time":"2026-06-09T12:11:02+02:00","message":"pinpoint match, clicking..."}
{"level":"info","time":"2026-06-09T12:11:02+02:00","message":"ADB TAP: (794, 577)"}
{"level":"info","bot":"orchestrator","time":"2026-06-09T12:11:06+02:00","message":"base found, reading loot..."}
{"level":"info","bot":"orchestrator","gold":12591,"elixir":799932,"de":10956,"time":"2026-06-09T12:11:06+02:00","message":"loot detected"}
{"level":"info","bot":"orchestrator","time":"2026-06-09T12:11:06+02:00","message":"loot too low, skipping base..."}
{"level":"info","bot":"orchestrator","step":"Next Match","time":"2026-06-09T12:11:06+02:00","message":"pinpoint match, clicking..."}
{"level":"info","time":"2026-06-09T12:11:06+02:00","message":"ADB TAP: (794, 577)"}
{"level":"info","bot":"orchestrator","time":"2026-06-09T12:11:10+02:00","message":"base found, reading loot..."}
{"level":"info","bot":"orchestrator","gold":104064,"elixir":371310,"de":2746,"time":"2026-06-09T12:11:11+02:00","message":"loot detected"}
{"level":"info","bot":"orchestrator","time":"2026-06-09T12:11:11+02:00","message":"loot too low, skipping base..."}
{"level":"info","bot":"orchestrator","step":"Next Match","time":"2026-06-09T12:11:11+02:00","message":"pinpoint match, clicking..."}
{"level":"info","time":"2026-06-09T12:11:11+02:00","message":"ADB TAP: (794, 577)"}
{"level":"info","attacks":0,"uptime":"40s","avg_ms":244.7656685537292,"time":"2026-06-09T12:11:11+02:00","message":"bot stats"}
{"level":"info","bot":"orchestrator","time":"2026-06-09T12:11:15+02:00","message":"base found, reading loot..."}
{"level":"info","bot":"orchestrator","gold":1887093,"elixir":1134227,"de":13160,"time":"2026-06-09T12:11:15+02:00","message":"loot detected"}
{"level":"info","bot":"orchestrator","time":"2026-06-09T12:11:15+02:00","message":"loot requirements met, starting attack!"}
{"level":"info","bot":"orchestrator","strategy":"Auto EDrag Rush","phases":5,"time":"2026-06-09T12:11:15+02:00","message":"executing dynamic attack plan"}
{"level":"info","component":"attack_executor","bar_y":630,"time":"2026-06-09T12:11:17+02:00","message":"using ULTIMATE PRECISION config"}
{"level":"info","component":"attack_executor","edge":"BottomLeft","time":"2026-06-09T12:11:17+02:00","message":"random edge selected"}
{"level":"info","component":"attack_executor","slots":11,"time":"2026-06-09T12:11:17+02:00","message":"using 100% precise manual slot mapping"}
{"level":"info","component":"attack_executor","active_xs":[62,134,212,287,360,433,511,584,657,730,798],"time":"2026-06-09T12:11:17+02:00","message":"detected active slots in bar"}
{"level":"info","component":"attack_executor","x":62,"category":"Troop","time":"2026-06-09T12:11:18+02:00","message":"classified slot"}
{"level":"info","component":"attack_executor","x":134,"category":"Troop","time":"2026-06-09T12:11:18+02:00","message":"classified slot"}
{"level":"info","component":"attack_executor","x":212,"category":"Siege","time":"2026-06-09T12:11:18+02:00","message":"classified slot"}
{"level":"info","component":"attack_executor","x":287,"category":"Hero","time":"2026-06-09T12:11:18+02:00","message":"classified slot"}
{"level":"info","component":"attack_executor","x":360,"category":"Hero","time":"2026-06-09T12:11:18+02:00","message":"classified slot"}
{"level":"info","component":"attack_executor","x":433,"category":"Hero","time":"2026-06-09T12:11:18+02:00","message":"classified slot"}
{"level":"info","component":"attack_executor","x":511,"category":"Hero","time":"2026-06-09T12:11:18+02:00","message":"classified slot"}
{"level":"info","component":"attack_executor","x":584,"category":"Spell","time":"2026-06-09T12:11:18+02:00","message":"classified slot"}
{"level":"info","component":"attack_executor","x":657,"category":"Spell","time":"2026-06-09T12:11:18+02:00","message":"classified slot"}
{"level":"info","component":"attack_executor","x":730,"category":"Spell","time":"2026-06-09T12:11:18+02:00","message":"classified slot"}
{"level":"info","component":"attack_executor","x":798,"category":"Spell","time":"2026-06-09T12:11:18+02:00","message":"classified slot"}
{"level":"info","component":"attack_executor","x":798,"time":"2026-06-09T12:11:18+02:00","message":"classified last slot as CC"}
{"level":"info","component":"attack_executor","time":"2026-06-09T12:11:18+02:00","message":"saved visual diagnostics to attack_deploy_debug.png"}
{"level":"info","component":"attack_executor","labels":11,"time":"2026-06-09T12:11:18+02:00","message":"loading 100% precise manual troop labels"}
{"level":"info","component":"attack_executor","phase":"Balloons","time":"2026-06-09T12:11:18+02:00","message":"attack phase"}
{"level":"info","component":"attack_executor","unit":"Balloon","ability":false,"x":134,"y":681,"conf":1,"time":"2026-06-09T12:11:19+02:00","message":"selecting unit"}
{"level":"info","time":"2026-06-09T12:11:19+02:00","message":"ADB TAP: (134, 680)"}
{"level":"info","component":"attack_executor","unit":"Balloon","time":"2026-06-09T12:11:19+02:00","message":"deploying troop line batch"}
{"level":"info","component":"attack_executor","unit":"Balloon","time":"2026-06-09T12:11:20+02:00","message":"troop slot not empty yet, selecting again and deploying next batch..."}
{"level":"info","time":"2026-06-09T12:11:20+02:00","message":"ADB TAP: (132, 679)"}
{"level":"info","component":"attack_executor","unit":"Balloon","time":"2026-06-09T12:11:20+02:00","message":"deploying troop line batch"}
{"level":"info","component":"attack_executor","unit":"Balloon","time":"2026-06-09T12:11:20+02:00","message":"troop slot not empty yet, selecting again and deploying next batch..."}
{"level":"info","time":"2026-06-09T12:11:20+02:00","message":"ADB TAP: (133, 681)"}
{"level":"info","component":"attack_executor","unit":"Balloon","time":"2026-06-09T12:11:21+02:00","message":"deploying troop line batch"}
{"level":"info","component":"attack_executor","unit":"Balloon","time":"2026-06-09T12:11:21+02:00","message":"troop slot not empty yet, selecting again and deploying next batch..."}
{"level":"info","time":"2026-06-09T12:11:21+02:00","message":"ADB TAP: (135, 681)"}
{"level":"info","attacks":0,"uptime":"50s","avg_ms":260.7689614530831,"time":"2026-06-09T12:11:21+02:00","message":"bot stats"}
{"level":"info","component":"attack_executor","unit":"Balloon","time":"2026-06-09T12:11:21+02:00","message":"deploying troop line batch"}
{"level":"info","component":"attack_executor","unit":"Balloon","time":"2026-06-09T12:11:22+02:00","message":"troop slot not empty yet, selecting again and deploying next batch..."}
{"level":"info","time":"2026-06-09T12:11:22+02:00","message":"ADB TAP: (136, 681)"}
{"level":"info","component":"attack_executor","unit":"Balloon","time":"2026-06-09T12:11:22+02:00","message":"deploying troop line batch"}
{"level":"info","component":"attack_executor","unit":"Balloon","time":"2026-06-09T12:11:23+02:00","message":"troop slot not empty yet, selecting again and deploying next batch..."}
{"level":"info","time":"2026-06-09T12:11:23+02:00","message":"ADB TAP: (132, 681)"}
{"level":"info","component":"attack_executor","unit":"Balloon","time":"2026-06-09T12:11:23+02:00","message":"deploying troop line batch"}
{"level":"info","component":"attack_executor","unit":"Balloon","time":"2026-06-09T12:11:23+02:00","message":"troop slot not empty yet, selecting again and deploying next batch..."}
{"level":"info","time":"2026-06-09T12:11:23+02:00","message":"ADB TAP: (133, 681)"}
{"level":"info","component":"attack_executor","phase":"Electro Dragons","time":"2026-06-09T12:11:24+02:00","message":"attack phase"}
{"level":"info","component":"attack_executor","unit":"Electro Dragon","ability":false,"x":62,"y":681,"conf":1,"time":"2026-06-09T12:11:24+02:00","message":"selecting unit"}
{"level":"info","time":"2026-06-09T12:11:24+02:00","message":"ADB TAP: (62, 680)"}
{"level":"info","component":"attack_executor","unit":"Electro Dragon","time":"2026-06-09T12:11:24+02:00","message":"deploying troop line batch"}
{"level":"info","component":"attack_executor","unit":"Electro Dragon","time":"2026-06-09T12:11:24+02:00","message":"troop slot not empty yet, selecting again and deploying next batch..."}
{"level":"info","time":"2026-06-09T12:11:24+02:00","message":"ADB TAP: (62, 682)"}
{"level":"info","component":"attack_executor","unit":"Electro Dragon","time":"2026-06-09T12:11:24+02:00","message":"deploying troop line batch"}
{"level":"info","component":"attack_executor","unit":"Electro Dragon","time":"2026-06-09T12:11:25+02:00","message":"troop slot empty, finished deploying"}
{"level":"info","component":"attack_executor","phase":"Siege Machine","time":"2026-06-09T12:11:25+02:00","message":"attack phase"}
{"level":"info","component":"attack_executor","unit":"Stone Slammer","ability":false,"x":218,"y":706,"conf":0.9591107964515686,"time":"2026-06-09T12:11:25+02:00","message":"selecting unit"}
{"level":"info","time":"2026-06-09T12:11:25+02:00","message":"ADB TAP: (220, 704)"}
{"level":"info","component":"attack_executor","unit":"Stone Slammer","x":212,"y":498,"time":"2026-06-09T12:11:25+02:00","message":"deploying hero/siege point"}
{"level":"info","time":"2026-06-09T12:11:25+02:00","message":"ADB TAP: (210, 488)"}
{"level":"info","component":"attack_executor","phase":"Heroes","time":"2026-06-09T12:11:25+02:00","message":"attack phase"}
{"level":"info","component":"attack_executor","unit":"Archer Queen","category":"Hero","pos":{"X":360,"Y":682},"time":"2026-06-09T12:11:26+02:00","message":"layout parser fallback mapping"}
{"level":"info","component":"attack_executor","unit":"Barbarian King","ability":false,"x":287,"y":681,"conf":1,"time":"2026-06-09T12:11:26+02:00","message":"selecting unit"}
{"level":"info","time":"2026-06-09T12:11:26+02:00","message":"ADB TAP: (287, 679)"}
{"level":"info","component":"attack_executor","unit":"Barbarian King","x":212,"y":498,"time":"2026-06-09T12:11:27+02:00","message":"deploying hero/siege point"}
{"level":"info","time":"2026-06-09T12:11:27+02:00","message":"ADB TAP: (211, 529)"}
{"level":"info","component":"attack_executor","unit":"Archer Queen","ability":false,"x":360,"y":682,"conf":1,"time":"2026-06-09T12:11:27+02:00","message":"selecting unit"}
{"level":"info","time":"2026-06-09T12:11:27+02:00","message":"ADB TAP: (360, 681)"}
{"level":"info","component":"attack_executor","unit":"Archer Queen","x":212,"y":498,"time":"2026-06-09T12:11:27+02:00","message":"deploying hero/siege point"}
{"level":"info","time":"2026-06-09T12:11:27+02:00","message":"ADB TAP: (222, 517)"}
{"level":"info","component":"attack_executor","unit":"Grand Warden","ability":false,"x":433,"y":681,"conf":1,"time":"2026-06-09T12:11:27+02:00","message":"selecting unit"}
{"level":"info","time":"2026-06-09T12:11:27+02:00","message":"ADB TAP: (435, 682)"}
{"level":"info","component":"attack_executor","unit":"Grand Warden","x":212,"y":498,"time":"2026-06-09T12:11:27+02:00","message":"deploying hero/siege point"}
{"level":"info","time":"2026-06-09T12:11:27+02:00","message":"ADB TAP: (215, 492)"}
{"level":"info","component":"attack_executor","unit":"Minion Prince","ability":false,"x":360,"y":681,"conf":1,"time":"2026-06-09T12:11:27+02:00","message":"selecting unit"}
{"level":"info","time":"2026-06-09T12:11:27+02:00","message":"ADB TAP: (360, 680)"}
{"level":"info","component":"attack_executor","unit":"Minion Prince","x":212,"y":498,"time":"2026-06-09T12:11:27+02:00","message":"deploying hero/siege point"}
{"level":"info","time":"2026-06-09T12:11:27+02:00","message":"ADB TAP: (234, 509)"}
{"level":"info","component":"attack_executor","unit":"Dragon Duke","ability":false,"x":498,"y":685,"conf":0.9140831828117371,"time":"2026-06-09T12:11:27+02:00","message":"selecting unit"}
{"level":"info","time":"2026-06-09T12:11:27+02:00","message":"ADB TAP: (502, 685)"}
{"level":"info","component":"attack_executor","target":"BottomLeft","duke_edge":"BottomRight","time":"2026-06-09T12:11:28+02:00","message":"Dragon Duke adjacent placement"}
{"level":"info","component":"attack_executor","unit":"Dragon Duke","x":658,"y":503,"time":"2026-06-09T12:11:28+02:00","message":"deploying hero/siege point"}
{"level":"info","time":"2026-06-09T12:11:28+02:00","message":"ADB TAP: (644, 498)"}
{"level":"info","component":"attack_executor","phase":"Spells","time":"2026-06-09T12:11:28+02:00","message":"attack phase"}
{"level":"info","component":"attack_executor","unit":"Rage Spell","ability":false,"x":584,"y":681,"conf":1,"time":"2026-06-09T12:11:28+02:00","message":"selecting unit"}
{"level":"info","time":"2026-06-09T12:11:28+02:00","message":"ADB TAP: (584, 680)"}
{"level":"info","component":"attack_executor","unit":"Rage Spell","time":"2026-06-09T12:11:28+02:00","message":"deploying spell lines batch (Rage)"}
{"level":"info","time":"2026-06-09T12:11:28+02:00","message":"ADB TAP: (367, 503)"}
{"level":"info","time":"2026-06-09T12:11:28+02:00","message":"ADB TAP: (296, 450)"}
{"level":"info","time":"2026-06-09T12:11:28+02:00","message":"ADB TAP: (202, 406)"}
{"level":"info","component":"attack_executor","unit":"Rage Spell","time":"2026-06-09T12:11:29+02:00","message":"spell slot not empty yet, selecting again and deploying next batch..."}
{"level":"info","time":"2026-06-09T12:11:29+02:00","message":"ADB TAP: (584, 680)"}
{"level":"info","component":"attack_executor","unit":"Rage Spell","time":"2026-06-09T12:11:29+02:00","message":"deploying spell lines batch (Rage)"}
{"level":"info","time":"2026-06-09T12:11:29+02:00","message":"ADB TAP: (417, 457)"}
{"level":"info","time":"2026-06-09T12:11:29+02:00","message":"ADB TAP: (345, 407)"}
{"level":"info","time":"2026-06-09T12:11:29+02:00","message":"ADB TAP: (276, 357)"}
{"level":"info","component":"attack_executor","unit":"Rage Spell","time":"2026-06-09T12:11:29+02:00","message":"spell slot empty, finished deploying"}
{"level":"info","component":"attack_executor","unit":"Ice Spell","ability":false,"x":657,"y":681,"conf":1,"time":"2026-06-09T12:11:29+02:00","message":"selecting unit"}
{"level":"info","time":"2026-06-09T12:11:29+02:00","message":"ADB TAP: (657, 678)"}
{"level":"info","component":"attack_executor","unit":"Ice Spell","time":"2026-06-09T12:11:30+02:00","message":"deploying spell line batch"}
{"level":"info","time":"2026-06-09T12:11:30+02:00","message":"ADB TAP: (427, 462)"}
{"level":"info","time":"2026-06-09T12:11:30+02:00","message":"ADB TAP: (365, 421)"}
{"level":"info","time":"2026-06-09T12:11:30+02:00","message":"ADB TAP: (283, 365)"}
{"level":"info","component":"attack_executor","unit":"Ice Spell","time":"2026-06-09T12:11:30+02:00","message":"spell slot not empty yet, selecting again and deploying next batch..."}
{"level":"info","time":"2026-06-09T12:11:30+02:00","message":"ADB TAP: (658, 680)"}
{"level":"info","component":"attack_executor","unit":"Ice Spell","time":"2026-06-09T12:11:30+02:00","message":"deploying spell line batch"}
{"level":"info","time":"2026-06-09T12:11:30+02:00","message":"ADB TAP: (411, 455)"}
{"level":"info","time":"2026-06-09T12:11:30+02:00","message":"ADB TAP: (345, 406)"}
{"level":"info","time":"2026-06-09T12:11:30+02:00","message":"ADB TAP: (277, 385)"}
{"level":"info","component":"attack_executor","unit":"Ice Spell","time":"2026-06-09T12:11:31+02:00","message":"spell slot not empty yet, selecting again and deploying next batch..."}
{"level":"info","time":"2026-06-09T12:11:31+02:00","message":"ADB TAP: (660, 683)"}
{"level":"info","component":"attack_executor","unit":"Ice Spell","time":"2026-06-09T12:11:31+02:00","message":"deploying spell line batch"}
{"level":"info","time":"2026-06-09T12:11:31+02:00","message":"ADB TAP: (436, 465)"}
{"level":"info","time":"2026-06-09T12:11:31+02:00","message":"ADB TAP: (355, 421)"}
{"level":"info","time":"2026-06-09T12:11:31+02:00","message":"ADB TAP: (282, 374)"}
{"level":"info","attacks":0,"uptime":"1m0s","avg_ms":252.65868295543484,"time":"2026-06-09T12:11:31+02:00","message":"bot stats"}
{"level":"info","component":"attack_executor","unit":"Ice Spell","time":"2026-06-09T12:11:32+02:00","message":"spell slot not empty yet, selecting again and deploying next batch..."}
{"level":"info","time":"2026-06-09T12:11:32+02:00","message":"ADB TAP: (658, 681)"}
{"level":"info","component":"attack_executor","unit":"Ice Spell","time":"2026-06-09T12:11:32+02:00","message":"deploying spell line batch"}
{"level":"info","time":"2026-06-09T12:11:32+02:00","message":"ADB TAP: (408, 457)"}
{"level":"info","time":"2026-06-09T12:11:32+02:00","message":"ADB TAP: (349, 418)"}
{"level":"info","time":"2026-06-09T12:11:32+02:00","message":"ADB TAP: (291, 373)"}
{"level":"info","component":"attack_executor","unit":"Ice Spell","time":"2026-06-09T12:11:32+02:00","message":"spell slot empty, finished deploying"}
{"level":"info","component":"attack_executor","time":"2026-06-09T12:11:32+02:00","message":"activating hero abilities right after spells..."}
{"level":"info","component":"attack_executor","x":287,"y":681,"time":"2026-06-09T12:11:32+02:00","message":"retapping hero icon once for ability/equipment"}
{"level":"info","time":"2026-06-09T12:11:32+02:00","message":"ADB TAP: (287, 682)"}
{"level":"info","component":"attack_executor","x":360,"y":682,"time":"2026-06-09T12:11:33+02:00","message":"retapping hero icon once for ability/equipment"}
{"level":"info","time":"2026-06-09T12:11:33+02:00","message":"ADB TAP: (356, 682)"}
{"level":"info","component":"attack_executor","x":433,"y":681,"time":"2026-06-09T12:11:33+02:00","message":"retapping hero icon once for ability/equipment"}
{"level":"info","time":"2026-06-09T12:11:33+02:00","message":"ADB TAP: (432, 678)"}
{"level":"info","component":"attack_executor","x":360,"y":681,"time":"2026-06-09T12:11:33+02:00","message":"retapping hero icon once for ability/equipment"}
{"level":"info","time":"2026-06-09T12:11:33+02:00","message":"ADB TAP: (360, 681)"}
{"level":"info","component":"attack_executor","x":498,"y":685,"time":"2026-06-09T12:11:33+02:00","message":"retapping hero icon once for ability/equipment"}
{"level":"info","time":"2026-06-09T12:11:33+02:00","message":"ADB TAP: (500, 685)"}
{"level":"info","component":"attack_executor","time":"2026-06-09T12:11:33+02:00","message":"starting sweep of remaining/event slots..."}
{"level":"info","component":"attack_executor","x":715,"y":681,"time":"2026-06-09T12:11:33+02:00","message":"found undeployed/event troop slot during sweep, deploying..."}
{"level":"info","time":"2026-06-09T12:11:33+02:00","message":"ADB TAP: (717, 681)"}
{"level":"info","time":"2026-06-09T12:11:34+02:00","message":"ADB TAP: (715, 680)"}
{"level":"info","time":"2026-06-09T12:11:35+02:00","message":"ADB TAP: (714, 681)"}
{"level":"info","time":"2026-06-09T12:11:36+02:00","message":"ADB TAP: (717, 680)"}
{"level":"info","time":"2026-06-09T12:11:37+02:00","message":"ADB TAP: (712, 683)"}
{"level":"info","component":"attack_executor","x":790,"y":681,"time":"2026-06-09T12:11:37+02:00","message":"found undeployed/event troop slot during sweep, deploying..."}
{"level":"info","time":"2026-06-09T12:11:37+02:00","message":"ADB TAP: (790, 677)"}
{"level":"info","time":"2026-06-09T12:11:38+02:00","message":"ADB TAP: (793, 681)"}
{"level":"info","time":"2026-06-09T12:11:38+02:00","message":"ADB TAP: (793, 681)"}
{"level":"info","time":"2026-06-09T12:11:39+02:00","message":"ADB TAP: (790, 681)"}
{"level":"info","time":"2026-06-09T12:11:40+02:00","message":"ADB TAP: (786, 681)"}
{"level":"info","component":"attack_executor","time":"2026-06-09T12:11:40+02:00","message":"verifying deployment success..."}
{"level":"info","component":"attack_executor","slots":11,"time":"2026-06-09T12:11:41+02:00","message":"using 100% precise manual slot mapping"}
{"level":"info","component":"attack_executor","active_xs":[134,212,287,360,433,511,730,798],"time":"2026-06-09T12:11:41+02:00","message":"detected active slots in bar"}
{"level":"info","attacks":0,"uptime":"1m10s","avg_ms":282.5862226774998,"time":"2026-06-09T12:11:41+02:00","message":"bot stats"}
{"level":"info","component":"attack_executor","x":134,"category":"Troop","time":"2026-06-09T12:11:42+02:00","message":"classified slot"}
{"level":"info","component":"attack_executor","x":212,"category":"Siege","time":"2026-06-09T12:11:42+02:00","message":"classified slot"}
{"level":"info","component":"attack_executor","x":287,"category":"Troop","time":"2026-06-09T12:11:42+02:00","message":"classified slot"}
{"level":"info","component":"attack_executor","x":360,"category":"Troop","time":"2026-06-09T12:11:42+02:00","message":"classified slot"}
{"level":"info","component":"attack_executor","x":433,"category":"Siege","time":"2026-06-09T12:11:42+02:00","message":"classified slot"}
{"level":"info","component":"attack_executor","x":511,"category":"Hero","time":"2026-06-09T12:11:42+02:00","message":"classified slot"}
{"level":"info","component":"attack_executor","x":730,"category":"Spell","time":"2026-06-09T12:11:42+02:00","message":"classified slot"}
{"level":"info","component":"attack_executor","x":798,"category":"Spell","time":"2026-06-09T12:11:42+02:00","message":"classified slot"}
{"level":"info","component":"attack_executor","x":798,"time":"2026-06-09T12:11:42+02:00","message":"classified last slot as CC"}
{"level":"warn","component":"attack_executor","attempt":1,"remaining_slots":5,"time":"2026-06-09T12:11:42+02:00","message":"detected undeployed units, retrying..."}
{"level":"info","component":"attack_executor","x":134,"category":"Troop","time":"2026-06-09T12:11:42+02:00","message":"re-deploying remaining slot"}
{"level":"info","time":"2026-06-09T12:11:42+02:00","message":"ADB TAP: (132, 681)"}
{"level":"info","time":"2026-06-09T12:11:43+02:00","message":"ADB TAP: (137, 680)"}
{"level":"info","time":"2026-06-09T12:11:44+02:00","message":"ADB TAP: (134, 682)"}
{"level":"info","time":"2026-06-09T12:11:45+02:00","message":"ADB TAP: (134, 683)"}
{"level":"info","time":"2026-06-09T12:11:45+02:00","message":"ADB TAP: (134, 684)"}
{"level":"info","component":"attack_executor","x":730,"category":"Spell","time":"2026-06-09T12:11:46+02:00","message":"re-deploying remaining slot"}
{"level":"info","time":"2026-06-09T12:11:46+02:00","message":"ADB TAP: (726, 682)"}
{"level":"info","time":"2026-06-09T12:11:46+02:00","message":"ADB TAP: (730, 684)"}
{"level":"info","time":"2026-06-09T12:11:47+02:00","message":"ADB TAP: (727, 681)"}
{"level":"info","time":"2026-06-09T12:11:48+02:00","message":"ADB TAP: (732, 679)"}
{"level":"info","time":"2026-06-09T12:11:48+02:00","message":"ADB TAP: (730, 679)"}
{"level":"info","component":"attack_executor","x":798,"category":"CC","time":"2026-06-09T12:11:49+02:00","message":"re-deploying remaining slot"}
{"level":"info","time":"2026-06-09T12:11:49+02:00","message":"ADB TAP: (799, 684)"}
{"level":"info","component":"attack_executor","slots":11,"time":"2026-06-09T12:11:50+02:00","message":"using 100% precise manual slot mapping"}
{"level":"info","component":"attack_executor","active_xs":[134,212,287,360,433,511,798],"time":"2026-06-09T12:11:50+02:00","message":"detected active slots in bar"}
{"level":"info","component":"attack_executor","x":134,"category":"Troop","time":"2026-06-09T12:11:51+02:00","message":"classified slot"}
{"level":"info","component":"attack_executor","x":212,"category":"Troop","time":"2026-06-09T12:11:51+02:00","message":"classified slot"}
{"level":"info","component":"attack_executor","x":287,"category":"Troop","time":"2026-06-09T12:11:51+02:00","message":"classified slot"}
{"level":"info","component":"attack_executor","x":360,"category":"Troop","time":"2026-06-09T12:11:51+02:00","message":"classified slot"}
{"level":"info","component":"attack_executor","x":433,"category":"Siege","time":"2026-06-09T12:11:51+02:00","message":"classified slot"}
{"level":"info","component":"attack_executor","x":511,"category":"Hero","time":"2026-06-09T12:11:51+02:00","message":"classified slot"}
{"level":"info","component":"attack_executor","x":798,"category":"Spell","time":"2026-06-09T12:11:51+02:00","message":"classified slot"}
{"level":"info","component":"attack_executor","x":798,"time":"2026-06-09T12:11:51+02:00","message":"classified last slot as CC"}
{"level":"warn","component":"attack_executor","attempt":2,"remaining_slots":4,"time":"2026-06-09T12:11:51+02:00","message":"detected undeployed units, retrying..."}
{"level":"info","component":"attack_executor","x":134,"category":"Troop","time":"2026-06-09T12:11:51+02:00","message":"re-deploying remaining slot"}
{"level":"info","time":"2026-06-09T12:11:51+02:00","message":"ADB TAP: (136, 684)"}
{"level":"info","attacks":0,"uptime":"1m20s","avg_ms":283.3265945637612,"time":"2026-06-09T12:11:51+02:00","message":"bot stats"}
{"level":"info","time":"2026-06-09T12:11:52+02:00","message":"ADB TAP: (136, 683)"}
{"level":"info","time":"2026-06-09T12:11:53+02:00","message":"ADB TAP: (135, 682)"}
{"level":"info","time":"2026-06-09T12:11:53+02:00","message":"ADB TAP: (137, 682)"}
{"level":"info","time":"2026-06-09T12:11:54+02:00","message":"ADB TAP: (132, 682)"}
{"level":"info","component":"attack_executor","x":798,"category":"CC","time":"2026-06-09T12:11:55+02:00","message":"re-deploying remaining slot"}
{"level":"info","time":"2026-06-09T12:11:55+02:00","message":"ADB TAP: (795, 682)"}
{"level":"info","bot":"orchestrator","file":"diag_20260609_121155.png","time":"2026-06-09T12:11:56+02:00","message":"saved diagnostic screenshot"}
{"level":"info","bot":"orchestrator","file":"diag_20260609_121155.json","time":"2026-06-09T12:11:56+02:00","message":"saved diagnostic data"}
{"level":"info","bot":"orchestrator","time":"2026-06-09T12:11:56+02:00","message":"battle deployment complete, waiting for battle to end naturally..."}
{"level":"info","time":"2026-06-09T12:12:01+02:00","message":"shutdown signal received"}
{"level":"info","time":"2026-06-09T12:12:01+02:00","message":"shutting down..."}
{"level":"info","time":"2026-06-09T12:13:43+02:00","message":"initializing bot startup sequence..."}
{"level":"info","time":"2026-06-09T12:13:43+02:00","message":"verifying BlueStacks configuration..."}
{"level":"info","time":"2026-06-09T12:13:43+02:00","message":"ADB device connected"}
{"level":"info","time":"2026-06-09T12:13:43+02:00","message":"BlueStacks already running with correct resolution"}
{"level":"info","time":"2026-06-09T12:13:43+02:00","message":"waiting for ADB connection (up to 90s)..."}
{"level":"info","time":"2026-06-09T12:13:43+02:00","message":"ADB connected successfully"}
{"level":"info","time":"2026-06-09T12:13:43+02:00","message":"waiting for Android system to report 'boot_completed'..."}
{"level":"info","time":"2026-06-09T12:13:43+02:00","message":"Android system is ready"}
{"level":"info","time":"2026-06-09T12:13:43+02:00","message":"checking game status..."}
{"level":"info","package":"com.supercell.clashofclans","time":"2026-06-09T12:13:43+02:00","message":"ensuring clean state by restarting game..."}
{"level":"info","package":"com.supercell.clashofclans","time":"2026-06-09T12:13:45+02:00","message":"launching game..."}
{"level":"info","time":"2026-06-09T12:13:45+02:00","message":"waiting for game to settle..."}
{"level":"info","time":"2026-06-09T12:14:00+02:00","message":"starting calibration..."}
{"level":"info","templates":77,"time":"2026-06-09T12:14:01+02:00","message":"templates loaded"}
{"level":"info","bot":"orchestrator","device":"localhost:5555","resolution":"860x732","scale":"1.000x1.000","time":"2026-06-09T12:14:01+02:00","message":"connected"}
{"level":"info","bot":"orchestrator","x":842,"y":345,"time":"2026-06-09T12:14:01+02:00","message":"performing initial focus click"}
{"level":"info","time":"2026-06-09T12:14:01+02:00","message":"ADB TAP: (842, 345)"}
{"level":"info","bot":"orchestrator","time":"2026-06-09T12:14:02+02:00","message":"attack button detected, starting sequence"}
{"level":"info","bot":"orchestrator","step":"Attack","time":"2026-06-09T12:14:03+02:00","message":"pinpoint match, clicking..."}
{"level":"info","time":"2026-06-09T12:14:03+02:00","message":"ADB TAP: (64, 666)"}
{"level":"info","bot":"orchestrator","time":"2026-06-09T12:14:03+02:00","message":"main village elements detected, performing initial zoom out..."}
{"level":"info","bot":"orchestrator","step":"Find Match","time":"2026-06-09T12:14:04+02:00","message":"pinpoint match, clicking..."}
{"level":"info","time":"2026-06-09T12:14:04+02:00","message":"ADB TAP: (158, 494)"}
{"level":"info","bot":"orchestrator","step":"Army Arrow","time":"2026-06-09T12:14:06+02:00","message":"pinpoint match, clicking..."}
{"level":"info","time":"2026-06-09T12:14:06+02:00","message":"ADB TAP: (514, 192)"}
{"level":"info","bot":"orchestrator","step":"Army 1","time":"2026-06-09T12:14:07+02:00","message":"pinpoint match, clicking..."}
{"level":"info","time":"2026-06-09T12:14:07+02:00","message":"ADB TAP: (513, 250)"}
{"level":"info","bot":"orchestrator","step":"Battle","time":"2026-06-09T12:14:09+02:00","message":"pinpoint match, clicking..."}
{"level":"info","time":"2026-06-09T12:14:09+02:00","message":"ADB TAP: (731, 537)"}
{"level":"info","bot":"orchestrator","time":"2026-06-09T12:14:09+02:00","message":"waiting for battle state (searching)..."}
{"level":"info","bot":"orchestrator","state":"MainVillage","time":"2026-06-09T12:14:09+02:00","message":"waiting for battle state (searching)..."}
{"level":"info","attacks":0,"uptime":"10s","avg_ms":160.70245872871575,"time":"2026-06-09T12:14:11+02:00","message":"bot stats"}
{"level":"info","bot":"orchestrator","state":"MainVillage","time":"2026-06-09T12:14:11+02:00","message":"waiting for battle state (searching)..."}
{"level":"info","bot":"orchestrator","state":"MainVillage","time":"2026-06-09T12:14:13+02:00","message":"waiting for battle state (searching)..."}
{"level":"info","bot":"orchestrator","state":"MainVillage","time":"2026-06-09T12:14:14+02:00","message":"waiting for battle state (searching)..."}
{"level":"info","bot":"orchestrator","state":"MainVillage","time":"2026-06-09T12:14:16+02:00","message":"waiting for battle state (searching)..."}
{"level":"info","bot":"orchestrator","state":"MainVillage","time":"2026-06-09T12:14:18+02:00","message":"waiting for battle state (searching)..."}
{"level":"info","bot":"orchestrator","state":"MainVillage","time":"2026-06-09T12:14:20+02:00","message":"waiting for battle state (searching)..."}
{"level":"info","attacks":0,"uptime":"20s","avg_ms":193.33063577830356,"time":"2026-06-09T12:14:21+02:00","message":"bot stats"}
{"level":"info","bot":"orchestrator","state":"MainVillage","time":"2026-06-09T12:14:21+02:00","message":"waiting for battle state (searching)..."}
{"level":"info","bot":"orchestrator","state":"MainVillage","time":"2026-06-09T12:14:23+02:00","message":"waiting for battle state (searching)..."}
{"level":"info","time":"2026-06-09T12:14:24+02:00","message":"shutdown signal received"}
{"level":"info","time":"2026-06-09T12:14:24+02:00","message":"shutting down..."}
{"level":"info","time":"2026-06-09T12:14:24+02:00","message":"shutdown complete"}
{"level":"info","time":"2026-06-09T12:14:55+02:00","message":"initializing bot startup sequence..."}
{"level":"info","time":"2026-06-09T12:14:55+02:00","message":"verifying BlueStacks configuration..."}
{"level":"info","time":"2026-06-09T12:14:55+02:00","message":"ADB device connected"}
{"level":"info","time":"2026-06-09T12:14:55+02:00","message":"BlueStacks already running with correct resolution"}
{"level":"info","time":"2026-06-09T12:14:55+02:00","message":"waiting for ADB connection (up to 90s)..."}
{"level":"info","time":"2026-06-09T12:14:55+02:00","message":"ADB connected successfully"}
{"level":"info","time":"2026-06-09T12:14:55+02:00","message":"waiting for Android system to report 'boot_completed'..."}
{"level":"info","time":"2026-06-09T12:14:55+02:00","message":"Android system is ready"}
{"level":"info","time":"2026-06-09T12:14:55+02:00","message":"checking game status..."}
{"level":"info","package":"com.supercell.clashofclans","time":"2026-06-09T12:14:55+02:00","message":"ensuring clean state by restarting game..."}
{"level":"info","package":"com.supercell.clashofclans","time":"2026-06-09T12:14:57+02:00","message":"launching game..."}
{"level":"info","time":"2026-06-09T12:14:57+02:00","message":"waiting for game to settle..."}
{"level":"info","time":"2026-06-09T12:15:12+02:00","message":"starting calibration..."}
{"level":"info","templates":77,"time":"2026-06-09T12:15:13+02:00","message":"templates loaded"}
{"level":"info","bot":"orchestrator","device":"localhost:5555","resolution":"860x732","scale":"1.000x1.000","time":"2026-06-09T12:15:13+02:00","message":"connected"}
{"level":"info","bot":"orchestrator","x":842,"y":345,"time":"2026-06-09T12:15:13+02:00","message":"performing initial focus click"}
{"level":"info","time":"2026-06-09T12:15:13+02:00","message":"ADB TAP: (842, 345)"}
{"level":"info","bot":"orchestrator","time":"2026-06-09T12:15:14+02:00","message":"attack button detected, starting sequence"}
{"level":"info","bot":"orchestrator","step":"Attack","retry":0,"time":"2026-06-09T12:15:14+02:00","message":"pinpoint match, clicking..."}
{"level":"info","time":"2026-06-09T12:15:14+02:00","message":"ADB TAP: (64, 666)"}
{"level":"info","bot":"orchestrator","time":"2026-06-09T12:15:15+02:00","message":"main village elements detected, performing initial zoom out..."}
{"level":"info","bot":"orchestrator","step":"Attack","retry":1,"time":"2026-06-09T12:15:16+02:00","message":"pinpoint match, clicking..."}
{"level":"info","time":"2026-06-09T12:15:16+02:00","message":"ADB TAP: (64, 666)"}
{"level":"info","bot":"orchestrator","step":"Attack","retry":2,"time":"2026-06-09T12:15:17+02:00","message":"pinpoint match, clicking..."}
{"level":"info","time":"2026-06-09T12:15:17+02:00","message":"ADB TAP: (64, 666)"}
{"level":"warn","bot":"orchestrator","step":"Attack","time":"2026-06-09T12:15:19+02:00","message":"pinpoint color check and template match failed; executing blind tap fallback"}
{"level":"info","time":"2026-06-09T12:15:19+02:00","message":"ADB TAP: (64, 666)"}
{"level":"info","bot":"orchestrator","step":"Find Match","retry":0,"time":"2026-06-09T12:15:21+02:00","message":"pinpoint match, clicking..."}
{"level":"info","time":"2026-06-09T12:15:21+02:00","message":"ADB TAP: (158, 494)"}
{"level":"info","bot":"orchestrator","step":"Find Match","retry":1,"time":"2026-06-09T12:15:22+02:00","message":"pinpoint match, clicking..."}
{"level":"info","time":"2026-06-09T12:15:22+02:00","message":"ADB TAP: (158, 494)"}
{"level":"info","attacks":0,"uptime":"10s","avg_ms":163.10660987142234,"time":"2026-06-09T12:15:23+02:00","message":"bot stats"}
{"level":"info","bot":"orchestrator","step":"Find Match","retry":2,"time":"2026-06-09T12:15:23+02:00","message":"pinpoint match, clicking..."}
{"level":"info","time":"2026-06-09T12:15:23+02:00","message":"ADB TAP: (158, 494)"}
{"level":"warn","bot":"orchestrator","step":"Find Match","time":"2026-06-09T12:15:26+02:00","message":"pinpoint color check and template match failed; executing blind tap fallback"}
{"level":"info","time":"2026-06-09T12:15:26+02:00","message":"ADB TAP: (158, 494)"}
{"level":"info","bot":"orchestrator","step":"Army Arrow","retry":0,"time":"2026-06-09T12:15:28+02:00","message":"pinpoint match, clicking..."}
{"level":"info","time":"2026-06-09T12:15:28+02:00","message":"ADB TAP: (514, 192)"}
{"level":"info","bot":"orchestrator","step":"Army Arrow","retry":1,"time":"2026-06-09T12:15:29+02:00","message":"pinpoint match, clicking..."}
{"level":"info","time":"2026-06-09T12:15:29+02:00","message":"ADB TAP: (514, 192)"}
{"level":"info","bot":"orchestrator","step":"Army Arrow","retry":2,"time":"2026-06-09T12:15:31+02:00","message":"pinpoint match, clicking..."}
{"level":"info","time":"2026-06-09T12:15:31+02:00","message":"ADB TAP: (514, 192)"}
{"level":"info","bot":"orchestrator","step":"Army Arrow","conf":0.4691961109638214,"x":360,"y":212,"time":"2026-06-09T12:15:32+02:00","message":"clicking (fallback match)"}
{"level":"info","time":"2026-06-09T12:16:24+02:00","message":"initializing bot startup sequence..."}
{"level":"info","time":"2026-06-09T12:16:24+02:00","message":"verifying BlueStacks configuration..."}
{"level":"info","time":"2026-06-09T12:16:24+02:00","message":"ADB device connected"}
{"level":"info","time":"2026-06-09T12:16:24+02:00","message":"BlueStacks already running with correct resolution"}
{"level":"info","time":"2026-06-09T12:16:24+02:00","message":"waiting for ADB connection (up to 90s)..."}
{"level":"info","time":"2026-06-09T12:16:24+02:00","message":"ADB connected successfully"}
{"level":"info","time":"2026-06-09T12:16:24+02:00","message":"waiting for Android system to report 'boot_completed'..."}
{"level":"info","time":"2026-06-09T12:16:24+02:00","message":"Android system is ready"}
{"level":"info","time":"2026-06-09T12:16:24+02:00","message":"checking game status..."}
{"level":"info","package":"com.supercell.clashofclans","time":"2026-06-09T12:16:24+02:00","message":"ensuring clean state by restarting game..."}
{"level":"info","package":"com.supercell.clashofclans","time":"2026-06-09T12:16:26+02:00","message":"launching game..."}
{"level":"info","time":"2026-06-09T12:16:26+02:00","message":"waiting for game to settle..."}
{"level":"info","time":"2026-06-09T12:16:41+02:00","message":"starting calibration..."}
{"level":"info","templates":77,"time":"2026-06-09T12:16:42+02:00","message":"templates loaded"}
{"level":"info","bot":"orchestrator","device":"localhost:5555","resolution":"860x732","scale":"1.000x1.000","time":"2026-06-09T12:16:42+02:00","message":"connected"}
{"level":"info","bot":"orchestrator","x":842,"y":345,"time":"2026-06-09T12:16:42+02:00","message":"performing initial focus click"}
{"level":"info","time":"2026-06-09T12:16:42+02:00","message":"ADB TAP: (842, 345)"}
{"level":"info","bot":"orchestrator","time":"2026-06-09T12:16:43+02:00","message":"attack button detected, starting sequence"}
{"level":"info","bot":"orchestrator","step":"Attack","time":"2026-06-09T12:16:43+02:00","message":"pinpoint match, clicking..."}
{"level":"info","time":"2026-06-09T12:16:43+02:00","message":"ADB TAP: (64, 666)"}
{"level":"info","bot":"orchestrator","time":"2026-06-09T12:16:44+02:00","message":"main village elements detected, performing initial zoom out..."}
{"level":"info","bot":"orchestrator","step":"Find Match","time":"2026-06-09T12:16:46+02:00","message":"pinpoint match, clicking..."}
{"level":"info","time":"2026-06-09T12:16:46+02:00","message":"ADB TAP: (158, 494)"}
{"level":"info","bot":"orchestrator","step":"Army Arrow","time":"2026-06-09T12:16:48+02:00","message":"pinpoint match, clicking..."}
{"level":"info","time":"2026-06-09T12:16:48+02:00","message":"ADB TAP: (514, 192)"}
{"level":"info","bot":"orchestrator","step":"Army 1","time":"2026-06-09T12:16:51+02:00","message":"pinpoint match, clicking..."}
{"level":"info","time":"2026-06-09T12:16:51+02:00","message":"ADB TAP: (513, 230)"}
{"level":"info","attacks":0,"uptime":"10s","avg_ms":168.41877565741308,"time":"2026-06-09T12:16:52+02:00","message":"bot stats"}
{"level":"info","bot":"orchestrator","step":"Battle","time":"2026-06-09T12:16:53+02:00","message":"pinpoint match, clicking..."}
{"level":"info","time":"2026-06-09T12:16:53+02:00","message":"ADB TAP: (731, 537)"}
{"level":"info","bot":"orchestrator","time":"2026-06-09T12:16:54+02:00","message":"waiting for battle state (searching)..."}
{"level":"info","bot":"orchestrator","time":"2026-06-09T12:16:54+02:00","message":"in clouds/loading..."}
{"level":"info","bot":"orchestrator","time":"2026-06-09T12:16:56+02:00","message":"battle state detected, entering search loop"}
{"level":"info","bot":"orchestrator","time":"2026-06-09T12:16:56+02:00","message":"waiting for base to be found..."}
{"level":"info","bot":"orchestrator","time":"2026-06-09T12:16:58+02:00","message":"base found, reading loot..."}
{"level":"info","bot":"orchestrator","gold":924609,"elixir":1037419,"de":4788,"time":"2026-06-09T12:16:59+02:00","message":"loot detected"}
{"level":"info","bot":"orchestrator","time":"2026-06-09T12:16:59+02:00","message":"loot requirements met, starting attack!"}
{"level":"info","bot":"orchestrator","strategy":"Auto EDrag Rush","phases":5,"time":"2026-06-09T12:16:59+02:00","message":"executing dynamic attack plan"}
{"level":"info","component":"attack_executor","bar_y":630,"time":"2026-06-09T12:17:00+02:00","message":"using ULTIMATE PRECISION config"}
{"level":"info","component":"attack_executor","edge":"BottomLeft","time":"2026-06-09T12:17:00+02:00","message":"random edge selected"}
{"level":"info","component":"attack_executor","slots":11,"time":"2026-06-09T12:17:00+02:00","message":"using 100% precise manual slot mapping"}
{"level":"info","component":"attack_executor","active_xs":[62,134,212,287,360,433,511,584,657,730,798],"time":"2026-06-09T12:17:00+02:00","message":"detected active slots in bar"}
{"level":"info","component":"attack_executor","x":62,"category":"Troop","time":"2026-06-09T12:17:02+02:00","message":"classified slot"}
{"level":"info","component":"attack_executor","x":134,"category":"Troop","time":"2026-06-09T12:17:02+02:00","message":"classified slot"}
{"level":"info","component":"attack_executor","x":212,"category":"Siege","time":"2026-06-09T12:17:02+02:00","message":"classified slot"}
{"level":"info","component":"attack_executor","x":287,"category":"Hero","time":"2026-06-09T12:17:02+02:00","message":"classified slot"}
{"level":"info","component":"attack_executor","x":360,"category":"Hero","time":"2026-06-09T12:17:02+02:00","message":"classified slot"}
{"level":"info","component":"attack_executor","x":433,"category":"Hero","time":"2026-06-09T12:17:02+02:00","message":"classified slot"}
{"level":"info","component":"attack_executor","x":511,"category":"Hero","time":"2026-06-09T12:17:02+02:00","message":"classified slot"}
{"level":"info","component":"attack_executor","x":584,"category":"Troop","time":"2026-06-09T12:17:02+02:00","message":"classified slot"}
{"level":"info","component":"attack_executor","x":657,"category":"Troop","time":"2026-06-09T12:17:02+02:00","message":"classified slot"}
{"level":"info","component":"attack_executor","x":730,"category":"Spell","time":"2026-06-09T12:17:02+02:00","message":"classified slot"}
{"level":"info","component":"attack_executor","x":798,"category":"Spell","time":"2026-06-09T12:17:02+02:00","message":"classified slot"}
{"level":"info","component":"attack_executor","x":798,"time":"2026-06-09T12:17:02+02:00","message":"classified last slot as CC"}
{"level":"info","attacks":0,"uptime":"20s","avg_ms":192.69471681803543,"time":"2026-06-09T12:17:02+02:00","message":"bot stats"}
{"level":"info","component":"attack_executor","time":"2026-06-09T12:17:02+02:00","message":"saved visual diagnostics to attack_deploy_debug.png"}
{"level":"info","component":"attack_executor","labels":11,"time":"2026-06-09T12:17:02+02:00","message":"loading 100% precise manual troop labels"}
{"level":"info","component":"attack_executor","phase":"Balloons","time":"2026-06-09T12:17:02+02:00","message":"attack phase"}
{"level":"info","component":"attack_executor","unit":"Balloon","ability":false,"x":134,"y":681,"conf":1,"time":"2026-06-09T12:17:02+02:00","message":"selecting unit"}
{"level":"info","time":"2026-06-09T12:17:02+02:00","message":"ADB TAP: (134, 683)"}
{"level":"info","component":"attack_executor","unit":"Balloon","time":"2026-06-09T12:17:02+02:00","message":"deploying troop line batch"}
{"level":"info","component":"attack_executor","unit":"Balloon","time":"2026-06-09T12:17:03+02:00","message":"troop slot not empty yet, selecting again and deploying next batch..."}
{"level":"info","time":"2026-06-09T12:17:03+02:00","message":"ADB TAP: (139, 681)"}
{"level":"info","component":"attack_executor","unit":"Balloon","time":"2026-06-09T12:17:03+02:00","message":"deploying troop line batch"}
{"level":"info","component":"attack_executor","unit":"Balloon","time":"2026-06-09T12:17:03+02:00","message":"troop slot not empty yet, selecting again and deploying next batch..."}
{"level":"info","time":"2026-06-09T12:17:03+02:00","message":"ADB TAP: (134, 679)"}
{"level":"info","component":"attack_executor","unit":"Balloon","time":"2026-06-09T12:17:03+02:00","message":"deploying troop line batch"}
{"level":"info","component":"attack_executor","unit":"Balloon","time":"2026-06-09T12:17:04+02:00","message":"troop slot not empty yet, selecting again and deploying next batch..."}
{"level":"info","time":"2026-06-09T12:17:04+02:00","message":"ADB TAP: (136, 680)"}
{"level":"info","component":"attack_executor","phase":"Electro Dragons","time":"2026-06-09T12:17:04+02:00","message":"attack phase"}
{"level":"info","component":"attack_executor","unit":"Electro Dragon","ability":false,"x":62,"y":681,"conf":1,"time":"2026-06-09T12:17:04+02:00","message":"selecting unit"}
{"level":"info","time":"2026-06-09T12:17:04+02:00","message":"ADB TAP: (62, 683)"}
{"level":"info","component":"attack_executor","unit":"Electro Dragon","time":"2026-06-09T12:17:04+02:00","message":"deploying troop line batch"}
{"level":"info","component":"attack_executor","unit":"Electro Dragon","time":"2026-06-09T12:17:05+02:00","message":"troop slot not empty yet, selecting again and deploying next batch..."}
{"level":"info","time":"2026-06-09T12:17:05+02:00","message":"ADB TAP: (60, 685)"}
{"level":"info","component":"attack_executor","unit":"Electro Dragon","time":"2026-06-09T12:17:05+02:00","message":"deploying troop line batch"}
{"level":"info","component":"attack_executor","unit":"Electro Dragon","time":"2026-06-09T12:17:05+02:00","message":"troop slot not empty yet, selecting again and deploying next batch..."}
{"level":"info","time":"2026-06-09T12:17:05+02:00","message":"ADB TAP: (63, 682)"}
{"level":"info","component":"attack_executor","unit":"Electro Dragon","time":"2026-06-09T12:17:06+02:00","message":"deploying troop line batch"}
{"level":"info","component":"attack_executor","unit":"Electro Dragon","time":"2026-06-09T12:17:06+02:00","message":"troop slot not empty yet, selecting again and deploying next batch..."}
{"level":"info","time":"2026-06-09T12:17:06+02:00","message":"ADB TAP: (62, 680)"}
{"level":"info","component":"attack_executor","phase":"Siege Machine","time":"2026-06-09T12:17:06+02:00","message":"attack phase"}
{"level":"info","component":"attack_executor","unit":"Stone Slammer","ability":false,"x":218,"y":706,"conf":0.9591091275215149,"time":"2026-06-09T12:17:07+02:00","message":"selecting unit"}
{"level":"info","time":"2026-06-09T12:17:07+02:00","message":"ADB TAP: (219, 703)"}
{"level":"info","component":"attack_executor","unit":"Stone Slammer","x":212,"y":498,"time":"2026-06-09T12:17:07+02:00","message":"deploying hero/siege point"}
{"level":"info","time":"2026-06-09T12:17:07+02:00","message":"ADB TAP: (205, 503)"}
{"level":"info","component":"attack_executor","phase":"Heroes","time":"2026-06-09T12:17:07+02:00","message":"attack phase"}
{"level":"info","component":"attack_executor","unit":"Archer Queen","category":"Hero","pos":{"X":360,"Y":682},"time":"2026-06-09T12:17:07+02:00","message":"layout parser fallback mapping"}
{"level":"info","component":"attack_executor","unit":"Barbarian King","ability":false,"x":287,"y":681,"conf":1,"time":"2026-06-09T12:17:08+02:00","message":"selecting unit"}
{"level":"info","time":"2026-06-09T12:17:08+02:00","message":"ADB TAP: (285, 677)"}
{"level":"info","component":"attack_executor","unit":"Barbarian King","x":212,"y":498,"time":"2026-06-09T12:17:08+02:00","message":"deploying hero/siege point"}
{"level":"info","time":"2026-06-09T12:17:08+02:00","message":"ADB TAP: (213, 504)"}
{"level":"info","component":"attack_executor","unit":"Archer Queen","ability":false,"x":360,"y":682,"conf":1,"time":"2026-06-09T12:17:08+02:00","message":"selecting unit"}
{"level":"info","time":"2026-06-09T12:17:08+02:00","message":"ADB TAP: (361, 680)"}
{"level":"info","component":"attack_executor","unit":"Archer Queen","x":212,"y":498,"time":"2026-06-09T12:17:08+02:00","message":"deploying hero/siege point"}
{"level":"info","time":"2026-06-09T12:17:08+02:00","message":"ADB TAP: (203, 490)"}
{"level":"info","component":"attack_executor","unit":"Grand Warden","ability":false,"x":433,"y":681,"conf":1,"time":"2026-06-09T12:17:08+02:00","message":"selecting unit"}
{"level":"info","time":"2026-06-09T12:17:08+02:00","message":"ADB TAP: (437, 682)"}
{"level":"info","component":"attack_executor","unit":"Grand Warden","x":212,"y":498,"time":"2026-06-09T12:17:08+02:00","message":"deploying hero/siege point"}
{"level":"info","time":"2026-06-09T12:17:08+02:00","message":"ADB TAP: (207, 500)"}
{"level":"info","component":"attack_executor","unit":"Minion Prince","ability":false,"x":360,"y":681,"conf":1,"time":"2026-06-09T12:17:08+02:00","message":"selecting unit"}
{"level":"info","time":"2026-06-09T12:17:08+02:00","message":"ADB TAP: (358, 681)"}
{"level":"info","component":"attack_executor","unit":"Minion Prince","x":212,"y":498,"time":"2026-06-09T12:17:08+02:00","message":"deploying hero/siege point"}
{"level":"info","time":"2026-06-09T12:17:08+02:00","message":"ADB TAP: (200, 480)"}
{"level":"info","component":"attack_executor","unit":"Dragon Duke","ability":false,"x":498,"y":685,"conf":0.9140831828117371,"time":"2026-06-09T12:17:09+02:00","message":"selecting unit"}
{"level":"info","time":"2026-06-09T12:17:09+02:00","message":"ADB TAP: (496, 683)"}
{"level":"info","component":"attack_executor","target":"BottomLeft","duke_edge":"BottomRight","time":"2026-06-09T12:17:09+02:00","message":"Dragon Duke adjacent placement"}
{"level":"info","component":"attack_executor","unit":"Dragon Duke","x":658,"y":503,"time":"2026-06-09T12:17:09+02:00","message":"deploying hero/siege point"}
{"level":"info","time":"2026-06-09T12:17:09+02:00","message":"ADB TAP: (643, 522)"}
{"level":"info","component":"attack_executor","phase":"Spells","time":"2026-06-09T12:17:09+02:00","message":"attack phase"}
{"level":"info","component":"attack_executor","unit":"Rage Spell","ability":false,"x":584,"y":681,"conf":1,"time":"2026-06-09T12:17:09+02:00","message":"selecting unit"}
{"level":"info","time":"2026-06-09T12:17:09+02:00","message":"ADB TAP: (586, 679)"}
{"level":"info","component":"attack_executor","unit":"Rage Spell","time":"2026-06-09T12:17:09+02:00","message":"deploying spell lines batch (Rage)"}
{"level":"info","time":"2026-06-09T12:17:09+02:00","message":"ADB TAP: (362, 515)"}
{"level":"info","time":"2026-06-09T12:17:09+02:00","message":"ADB TAP: (293, 440)"}
{"level":"info","time":"2026-06-09T12:17:09+02:00","message":"ADB TAP: (213, 382)"}
{"level":"info","component":"attack_executor","unit":"Rage Spell","time":"2026-06-09T12:17:09+02:00","message":"spell slot not empty yet, selecting again and deploying next batch..."}
{"level":"info","time":"2026-06-09T12:17:09+02:00","message":"ADB TAP: (584, 679)"}
{"level":"info","component":"attack_executor","unit":"Rage Spell","time":"2026-06-09T12:17:10+02:00","message":"deploying spell lines batch (Rage)"}
{"level":"info","time":"2026-06-09T12:17:10+02:00","message":"ADB TAP: (436, 443)"}
{"level":"info","time":"2026-06-09T12:17:10+02:00","message":"ADB TAP: (348, 417)"}
{"level":"info","time":"2026-06-09T12:17:10+02:00","message":"ADB TAP: (274, 357)"}
{"level":"info","component":"attack_executor","unit":"Rage Spell","time":"2026-06-09T12:17:10+02:00","message":"spell slot not empty yet, selecting again and deploying next batch..."}
{"level":"info","time":"2026-06-09T12:17:10+02:00","message":"ADB TAP: (584, 678)"}
{"level":"info","component":"attack_executor","unit":"Rage Spell","time":"2026-06-09T12:17:10+02:00","message":"deploying spell lines batch (Rage)"}
{"level":"info","time":"2026-06-09T12:17:10+02:00","message":"ADB TAP: (440, 462)"}
{"level":"info","time":"2026-06-09T12:17:10+02:00","message":"ADB TAP: (360, 409)"}
{"level":"info","time":"2026-06-09T12:17:10+02:00","message":"ADB TAP: (282, 359)"}
{"level":"info","component":"attack_executor","unit":"Rage Spell","time":"2026-06-09T12:17:11+02:00","message":"spell slot not empty yet, selecting again and deploying next batch..."}
{"level":"info","time":"2026-06-09T12:17:11+02:00","message":"ADB TAP: (582, 680)"}
{"level":"info","component":"attack_executor","unit":"Rage Spell","time":"2026-06-09T12:17:11+02:00","message":"deploying spell lines batch (Rage)"}
{"level":"info","time":"2026-06-09T12:17:11+02:00","message":"ADB TAP: (416, 461)"}
{"level":"info","time":"2026-06-09T12:17:11+02:00","message":"ADB TAP: (360, 406)"}
{"level":"info","time":"2026-06-09T12:17:11+02:00","message":"ADB TAP: (289, 361)"}
{"level":"info","component":"attack_executor","unit":"Rage Spell","time":"2026-06-09T12:17:12+02:00","message":"spell slot not empty yet, selecting again and deploying next batch..."}
{"level":"info","time":"2026-06-09T12:17:12+02:00","message":"ADB TAP: (581, 680)"}
{"level":"info","attacks":0,"uptime":"30s","avg_ms":238.62570570817496,"time":"2026-06-09T12:17:12+02:00","message":"bot stats"}
{"level":"info","component":"attack_executor","unit":"Ice Spell","ability":false,"x":657,"y":681,"conf":1,"time":"2026-06-09T12:17:12+02:00","message":"selecting unit"}
{"level":"info","time":"2026-06-09T12:17:12+02:00","message":"ADB TAP: (654, 681)"}
{"level":"info","component":"attack_executor","unit":"Ice Spell","time":"2026-06-09T12:17:12+02:00","message":"deploying spell line batch"}
{"level":"info","time":"2026-06-09T12:17:12+02:00","message":"ADB TAP: (409, 458)"}
{"level":"info","time":"2026-06-09T12:17:12+02:00","message":"ADB TAP: (353, 405)"}
{"level":"info","time":"2026-06-09T12:17:12+02:00","message":"ADB TAP: (280, 359)"}
{"level":"info","component":"attack_executor","unit":"Ice Spell","time":"2026-06-09T12:17:12+02:00","message":"spell slot not empty yet, selecting again and deploying next batch..."}
{"level":"info","time":"2026-06-09T12:17:12+02:00","message":"ADB TAP: (656, 680)"}
{"level":"info","component":"attack_executor","unit":"Ice Spell","time":"2026-06-09T12:17:12+02:00","message":"deploying spell line batch"}
{"level":"info","time":"2026-06-09T12:17:12+02:00","message":"ADB TAP: (429, 462)"}
{"level":"info","time":"2026-06-09T12:17:13+02:00","message":"ADB TAP: (353, 411)"}
{"level":"info","time":"2026-06-09T12:17:13+02:00","message":"ADB TAP: (269, 359)"}
{"level":"info","component":"attack_executor","unit":"Ice Spell","time":"2026-06-09T12:17:13+02:00","message":"spell slot not empty yet, selecting again and deploying next batch..."}
{"level":"info","time":"2026-06-09T12:17:13+02:00","message":"ADB TAP: (657, 681)"}
{"level":"info","component":"attack_executor","unit":"Ice Spell","time":"2026-06-09T12:17:13+02:00","message":"deploying spell line batch"}
{"level":"info","time":"2026-06-09T12:17:13+02:00","message":"ADB TAP: (445, 460)"}
{"level":"info","time":"2026-06-09T12:17:13+02:00","message":"ADB TAP: (353, 422)"}
{"level":"info","time":"2026-06-09T12:17:13+02:00","message":"ADB TAP: (291, 349)"}
{"level":"info","component":"attack_executor","unit":"Ice Spell","time":"2026-06-09T12:17:14+02:00","message":"spell slot not empty yet, selecting again and deploying next batch..."}
{"level":"info","time":"2026-06-09T12:17:14+02:00","message":"ADB TAP: (657, 680)"}
{"level":"info","component":"attack_executor","unit":"Ice Spell","time":"2026-06-09T12:17:14+02:00","message":"deploying spell line batch"}
{"level":"info","time":"2026-06-09T12:17:14+02:00","message":"ADB TAP: (420, 462)"}
{"level":"info","time":"2026-06-09T12:17:14+02:00","message":"ADB TAP: (355, 397)"}
{"level":"info","time":"2026-06-09T12:17:14+02:00","message":"ADB TAP: (286, 351)"}
{"level":"info","component":"attack_executor","unit":"Ice Spell","time":"2026-06-09T12:17:14+02:00","message":"spell slot not empty yet, selecting again and deploying next batch..."}
{"level":"info","time":"2026-06-09T12:17:14+02:00","message":"ADB TAP: (657, 687)"}
{"level":"info","component":"attack_executor","time":"2026-06-09T12:17:14+02:00","message":"activating hero abilities right after spells..."}
{"level":"info","component":"attack_executor","x":287,"y":681,"time":"2026-06-09T12:17:14+02:00","message":"retapping hero icon once for ability/equipment"}
{"level":"info","time":"2026-06-09T12:17:14+02:00","message":"ADB TAP: (287, 680)"}
{"level":"info","component":"attack_executor","x":360,"y":682,"time":"2026-06-09T12:17:14+02:00","message":"retapping hero icon once for ability/equipment"}
{"level":"info","time":"2026-06-09T12:17:14+02:00","message":"ADB TAP: (359, 684)"}
{"level":"info","component":"attack_executor","x":433,"y":681,"time":"2026-06-09T12:17:15+02:00","message":"retapping hero icon once for ability/equipment"}
{"level":"info","time":"2026-06-09T12:17:15+02:00","message":"ADB TAP: (433, 681)"}
{"level":"info","component":"attack_executor","x":360,"y":681,"time":"2026-06-09T12:17:15+02:00","message":"retapping hero icon once for ability/equipment"}
{"level":"info","time":"2026-06-09T12:17:15+02:00","message":"ADB TAP: (357, 679)"}
{"level":"info","component":"attack_executor","x":498,"y":685,"time":"2026-06-09T12:17:15+02:00","message":"retapping hero icon once for ability/equipment"}
{"level":"info","time":"2026-06-09T12:17:15+02:00","message":"ADB TAP: (503, 686)"}
{"level":"info","component":"attack_executor","time":"2026-06-09T12:17:15+02:00","message":"starting sweep of remaining/event slots..."}
{"level":"info","component":"attack_executor","x":715,"y":681,"time":"2026-06-09T12:17:15+02:00","message":"found undeployed/event troop slot during sweep, deploying..."}
{"level":"info","time":"2026-06-09T12:17:15+02:00","message":"ADB TAP: (717, 682)"}
{"level":"info","time":"2026-06-09T12:17:16+02:00","message":"ADB TAP: (715, 680)"}
{"level":"info","time":"2026-06-09T12:17:17+02:00","message":"ADB TAP: (715, 679)"}
{"level":"info","component":"attack_executor","x":790,"y":681,"time":"2026-06-09T12:17:17+02:00","message":"found undeployed/event troop slot during sweep, deploying..."}
{"level":"info","time":"2026-06-09T12:17:17+02:00","message":"ADB TAP: (787, 680)"}
{"level":"info","component":"attack_executor","x":790,"time":"2026-06-09T12:17:17+02:00","message":"swept slot empty, finished deploying"}
{"level":"info","component":"attack_executor","time":"2026-06-09T12:17:17+02:00","message":"verifying deployment success..."}
{"level":"info","component":"attack_executor","slots":11,"time":"2026-06-09T12:17:18+02:00","message":"using 100% precise manual slot mapping"}
{"level":"info","component":"attack_executor","active_xs":[62,134,212,287,360,433,511,584,657],"time":"2026-06-09T12:17:18+02:00","message":"detected active slots in bar"}
{"level":"info","component":"attack_executor","x":62,"category":"Troop","time":"2026-06-09T12:17:19+02:00","message":"classified slot"}
{"level":"info","component":"attack_executor","x":134,"category":"Troop","time":"2026-06-09T12:17:19+02:00","message":"classified slot"}
{"level":"info","component":"attack_executor","x":212,"category":"Siege","time":"2026-06-09T12:17:19+02:00","message":"classified slot"}
{"level":"info","component":"attack_executor","x":287,"category":"Troop","time":"2026-06-09T12:17:19+02:00","message":"classified slot"}
{"level":"info","component":"attack_executor","x":360,"category":"Troop","time":"2026-06-09T12:17:19+02:00","message":"classified slot"}
{"level":"info","component":"attack_executor","x":433,"category":"Siege","time":"2026-06-09T12:17:19+02:00","message":"classified slot"}
{"level":"info","component":"attack_executor","x":511,"category":"Hero","time":"2026-06-09T12:17:19+02:00","message":"classified slot"}
{"level":"info","component":"attack_executor","x":584,"category":"Hero","time":"2026-06-09T12:17:19+02:00","message":"classified slot"}
{"level":"info","component":"attack_executor","x":657,"category":"Hero","time":"2026-06-09T12:17:19+02:00","message":"classified slot"}
{"level":"warn","component":"attack_executor","attempt":1,"remaining_slots":4,"time":"2026-06-09T12:17:19+02:00","message":"detected undeployed units, retrying..."}
{"level":"info","component":"attack_executor","x":62,"category":"Troop","time":"2026-06-09T12:17:19+02:00","message":"re-deploying remaining slot"}
{"level":"info","time":"2026-06-09T12:17:19+02:00","message":"ADB TAP: (60, 678)"}
{"level":"info","time":"2026-06-09T12:17:20+02:00","message":"ADB TAP: (62, 680)"}
{"level":"info","time":"2026-06-09T12:17:20+02:00","message":"ADB TAP: (64, 679)"}
{"level":"info","component":"attack_executor","x":134,"category":"Troop","time":"2026-06-09T12:17:21+02:00","message":"re-deploying remaining slot"}
{"level":"info","time":"2026-06-09T12:17:21+02:00","message":"ADB TAP: (133, 682)"}
{"level":"info","time":"2026-06-09T12:17:21+02:00","message":"ADB TAP: (134, 683)"}
{"level":"info","attacks":0,"uptime":"40s","avg_ms":220.7028168200182,"time":"2026-06-09T12:17:22+02:00","message":"bot stats"}
{"level":"info","time":"2026-06-09T12:17:22+02:00","message":"ADB TAP: (134, 682)"}
{"level":"info","component":"attack_executor","slots":11,"time":"2026-06-09T12:17:23+02:00","message":"using 100% precise manual slot mapping"}
{"level":"info","component":"attack_executor","active_xs":[62,134,212,287,360,433,511,584,657],"time":"2026-06-09T12:17:23+02:00","message":"detected active slots in bar"}
{"level":"info","component":"attack_executor","x":62,"category":"Troop","time":"2026-06-09T12:17:24+02:00","message":"classified slot"}
{"level":"info","component":"attack_executor","x":134,"category":"Troop","time":"2026-06-09T12:17:24+02:00","message":"classified slot"}
{"level":"info","component":"attack_executor","x":212,"category":"Siege","time":"2026-06-09T12:17:24+02:00","message":"classified slot"}
{"level":"info","component":"attack_executor","x":287,"category":"Troop","time":"2026-06-09T12:17:24+02:00","message":"classified slot"}
{"level":"info","component":"attack_executor","x":360,"category":"Troop","time":"2026-06-09T12:17:24+02:00","message":"classified slot"}
{"level":"info","component":"attack_executor","x":433,"category":"Siege","time":"2026-06-09T12:17:24+02:00","message":"classified slot"}
{"level":"info","component":"attack_executor","x":511,"category":"Hero","time":"2026-06-09T12:17:24+02:00","message":"classified slot"}
{"level":"info","component":"attack_executor","x":584,"category":"Hero","time":"2026-06-09T12:17:24+02:00","message":"classified slot"}
{"level":"info","component":"attack_executor","x":657,"category":"Hero","time":"2026-06-09T12:17:24+02:00","message":"classified slot"}
{"level":"warn","component":"attack_executor","attempt":2,"remaining_slots":4,"time":"2026-06-09T12:17:24+02:00","message":"detected undeployed units, retrying..."}
{"level":"info","component":"attack_executor","x":62,"category":"Troop","time":"2026-06-09T12:17:24+02:00","message":"re-deploying remaining slot"}
{"level":"info","time":"2026-06-09T12:17:24+02:00","message":"ADB TAP: (59, 684)"}
{"level":"info","time":"2026-06-09T12:17:25+02:00","message":"ADB TAP: (62, 682)"}
{"level":"info","time":"2026-06-09T12:17:25+02:00","message":"ADB TAP: (62, 684)"}
{"level":"info","component":"attack_executor","x":134,"category":"Troop","time":"2026-06-09T12:17:26+02:00","message":"re-deploying remaining slot"}
{"level":"info","time":"2026-06-09T12:17:26+02:00","message":"ADB TAP: (134, 683)"}
{"level":"info","time":"2026-06-09T12:17:26+02:00","message":"ADB TAP: (134, 682)"}
{"level":"info","time":"2026-06-09T12:17:27+02:00","message":"ADB TAP: (134, 680)"}
{"level":"info","bot":"orchestrator","file":"diag_20260609_121728.png","time":"2026-06-09T12:17:28+02:00","message":"saved diagnostic screenshot"}
{"level":"info","bot":"orchestrator","file":"diag_20260609_121728.json","time":"2026-06-09T12:17:28+02:00","message":"saved diagnostic data"}
{"level":"info","bot":"orchestrator","time":"2026-06-09T12:17:28+02:00","message":"battle deployment complete, waiting for battle to end naturally..."}
{"level":"info","attacks":0,"uptime":"50s","avg_ms":254.65523176102027,"time":"2026-06-09T12:17:32+02:00","message":"bot stats"}
{"level":"info","time":"2026-06-09T12:17:40+02:00","message":"shutdown signal received"}
{"level":"info","time":"2026-06-09T12:17:40+02:00","message":"shutting down..."}
{"level":"info","time":"2026-06-09T12:19:02+02:00","message":"initializing bot startup sequence..."}
{"level":"info","time":"2026-06-09T12:19:02+02:00","message":"verifying BlueStacks configuration..."}
{"level":"info","time":"2026-06-09T12:19:02+02:00","message":"ADB device connected"}
{"level":"info","time":"2026-06-09T12:19:02+02:00","message":"BlueStacks already running with correct resolution"}
{"level":"info","time":"2026-06-09T12:19:02+02:00","message":"waiting for ADB connection (up to 90s)..."}
{"level":"info","time":"2026-06-09T12:19:02+02:00","message":"ADB connected successfully"}
{"level":"info","time":"2026-06-09T12:19:02+02:00","message":"waiting for Android system to report 'boot_completed'..."}
{"level":"info","time":"2026-06-09T12:19:02+02:00","message":"Android system is ready"}
{"level":"info","time":"2026-06-09T12:19:02+02:00","message":"checking game status..."}
{"level":"info","package":"com.supercell.clashofclans","time":"2026-06-09T12:19:02+02:00","message":"ensuring clean state by restarting game..."}
{"level":"info","package":"com.supercell.clashofclans","time":"2026-06-09T12:19:04+02:00","message":"launching game..."}
{"level":"info","time":"2026-06-09T12:19:04+02:00","message":"waiting for game to settle..."}
{"level":"info","time":"2026-06-09T12:19:19+02:00","message":"starting calibration..."}
{"level":"info","templates":77,"time":"2026-06-09T12:19:20+02:00","message":"templates loaded"}
{"level":"info","bot":"orchestrator","device":"localhost:5555","resolution":"860x732","scale":"1.000x1.000","time":"2026-06-09T12:19:20+02:00","message":"connected"}
{"level":"info","bot":"orchestrator","x":842,"y":345,"time":"2026-06-09T12:19:20+02:00","message":"performing initial focus click"}
{"level":"info","time":"2026-06-09T12:19:20+02:00","message":"ADB TAP: (842, 345)"}
{"level":"info","bot":"orchestrator","time":"2026-06-09T12:19:22+02:00","message":"attack button detected, starting sequence"}
{"level":"info","bot":"orchestrator","step":"Attack","time":"2026-06-09T12:19:22+02:00","message":"pinpoint match, clicking..."}
{"level":"info","time":"2026-06-09T12:19:22+02:00","message":"ADB TAP: (64, 666)"}
{"level":"info","bot":"orchestrator","time":"2026-06-09T12:19:22+02:00","message":"main village elements detected, performing initial zoom out..."}
{"level":"info","bot":"orchestrator","step":"Find Match","time":"2026-06-09T12:19:24+02:00","message":"pinpoint match, clicking..."}
{"level":"info","time":"2026-06-09T12:19:24+02:00","message":"ADB TAP: (158, 494)"}
{"level":"info","bot":"orchestrator","step":"Army Arrow","time":"2026-06-09T12:19:27+02:00","message":"pinpoint match, clicking..."}
{"level":"info","time":"2026-06-09T12:19:27+02:00","message":"ADB TAP: (514, 192)"}
{"level":"info","bot":"orchestrator","step":"Army 1","time":"2026-06-09T12:19:29+02:00","message":"pinpoint match, clicking..."}
{"level":"info","time":"2026-06-09T12:19:29+02:00","message":"ADB TAP: (513, 230)"}
{"level":"info","attacks":0,"uptime":"10s","avg_ms":172.2332052554211,"time":"2026-06-09T12:19:30+02:00","message":"bot stats"}
{"level":"info","bot":"orchestrator","step":"Battle","time":"2026-06-09T12:19:31+02:00","message":"pinpoint match, clicking..."}
{"level":"info","time":"2026-06-09T12:19:31+02:00","message":"ADB TAP: (731, 537)"}
{"level":"info","bot":"orchestrator","time":"2026-06-09T12:19:32+02:00","message":"waiting for battle state (searching)..."}
{"level":"info","bot":"orchestrator","state":"MainVillage","time":"2026-06-09T12:19:33+02:00","message":"waiting for battle state (searching)..."}
{"level":"info","bot":"orchestrator","state":"MainVillage","time":"2026-06-09T12:19:35+02:00","message":"waiting for battle state (searching)..."}
{"level":"info","bot":"orchestrator","state":"MainVillage","time":"2026-06-09T12:19:37+02:00","message":"waiting for battle state (searching)..."}
{"level":"info","bot":"orchestrator","state":"MainVillage","time":"2026-06-09T12:19:38+02:00","message":"waiting for battle state (searching)..."}
{"level":"info","attacks":0,"uptime":"20s","avg_ms":205.06877650463716,"time":"2026-06-09T12:19:40+02:00","message":"bot stats"}
{"level":"info","bot":"orchestrator","state":"MainVillage","time":"2026-06-09T12:19:40+02:00","message":"waiting for battle state (searching)..."}
{"level":"info","bot":"orchestrator","state":"MainVillage","time":"2026-06-09T12:19:42+02:00","message":"waiting for battle state (searching)..."}
{"level":"info","bot":"orchestrator","state":"MainVillage","time":"2026-06-09T12:19:43+02:00","message":"waiting for battle state (searching)..."}
{"level":"info","bot":"orchestrator","state":"MainVillage","time":"2026-06-09T12:19:45+02:00","message":"waiting for battle state (searching)..."}
{"level":"info","bot":"orchestrator","state":"MainVillage","time":"2026-06-09T12:19:47+02:00","message":"waiting for battle state (searching)..."}
{"level":"info","bot":"orchestrator","state":"MainVillage","time":"2026-06-09T12:19:48+02:00","message":"waiting for battle state (searching)..."}
{"level":"info","attacks":0,"uptime":"30s","avg_ms":184.6272287858275,"time":"2026-06-09T12:19:50+02:00","message":"bot stats"}
{"level":"info","bot":"orchestrator","state":"MainVillage","time":"2026-06-09T12:19:50+02:00","message":"waiting for battle state (searching)..."}
{"level":"info","bot":"orchestrator","state":"MainVillage","time":"2026-06-09T12:19:51+02:00","message":"waiting for battle state (searching)..."}
{"level":"info","bot":"orchestrator","state":"MainVillage","time":"2026-06-09T12:19:53+02:00","message":"waiting for battle state (searching)..."}
{"level":"info","bot":"orchestrator","state":"MainVillage","time":"2026-06-09T12:19:55+02:00","message":"waiting for battle state (searching)..."}
{"level":"info","bot":"orchestrator","state":"MainVillage","time":"2026-06-09T12:19:57+02:00","message":"waiting for battle state (searching)..."}
{"level":"info","bot":"orchestrator","state":"MainVillage","time":"2026-06-09T12:19:58+02:00","message":"waiting for battle state (searching)..."}
{"level":"info","attacks":0,"uptime":"40s","avg_ms":189.42933072069633,"time":"2026-06-09T12:20:00+02:00","message":"bot stats"}
{"level":"info","bot":"orchestrator","state":"MainVillage","time":"2026-06-09T12:20:00+02:00","message":"waiting for battle state (searching)..."}
{"level":"info","bot":"orchestrator","state":"MainVillage","time":"2026-06-09T12:20:02+02:00","message":"waiting for battle state (searching)..."}
{"level":"info","bot":"orchestrator","state":"MainVillage","time":"2026-06-09T12:20:03+02:00","message":"waiting for battle state (searching)..."}
{"level":"info","bot":"orchestrator","state":"MainVillage","time":"2026-06-09T12:20:05+02:00","message":"waiting for battle state (searching)..."}
{"level":"info","bot":"orchestrator","state":"MainVillage","time":"2026-06-09T12:20:07+02:00","message":"waiting for battle state (searching)..."}
{"level":"info","bot":"orchestrator","state":"MainVillage","time":"2026-06-09T12:20:08+02:00","message":"waiting for battle state (searching)..."}
{"level":"info","attacks":0,"uptime":"50s","avg_ms":197.21288094836484,"time":"2026-06-09T12:20:10+02:00","message":"bot stats"}
{"level":"info","bot":"orchestrator","state":"MainVillage","time":"2026-06-09T12:20:10+02:00","message":"waiting for battle state (searching)..."}
{"level":"info","bot":"orchestrator","state":"MainVillage","time":"2026-06-09T12:20:12+02:00","message":"waiting for battle state (searching)..."}
{"level":"info","bot":"orchestrator","state":"MainVillage","time":"2026-06-09T12:20:13+02:00","message":"waiting for battle state (searching)..."}
{"level":"info","bot":"orchestrator","state":"MainVillage","time":"2026-06-09T12:20:15+02:00","message":"waiting for battle state (searching)..."}
{"level":"info","bot":"orchestrator","state":"MainVillage","time":"2026-06-09T12:20:17+02:00","message":"waiting for battle state (searching)..."}
{"level":"info","bot":"orchestrator","state":"MainVillage","time":"2026-06-09T12:20:18+02:00","message":"waiting for battle state (searching)..."}
{"level":"info","attacks":0,"uptime":"1m0s","avg_ms":186.2118818278131,"time":"2026-06-09T12:20:20+02:00","message":"bot stats"}
{"level":"info","bot":"orchestrator","state":"MainVillage","time":"2026-06-09T12:20:20+02:00","message":"waiting for battle state (searching)..."}
{"level":"info","bot":"orchestrator","state":"MainVillage","time":"2026-06-09T12:20:22+02:00","message":"waiting for battle state (searching)..."}
{"level":"info","bot":"orchestrator","state":"MainVillage","time":"2026-06-09T12:20:23+02:00","message":"waiting for battle state (searching)..."}
{"level":"info","bot":"orchestrator","state":"MainVillage","time":"2026-06-09T12:20:25+02:00","message":"waiting for battle state (searching)..."}
{"level":"info","bot":"orchestrator","state":"MainVillage","time":"2026-06-09T12:20:27+02:00","message":"waiting for battle state (searching)..."}
{"level":"info","bot":"orchestrator","time":"2026-06-09T12:20:29+02:00","message":"in army menu, retrying battle click..."}
{"level":"info","bot":"orchestrator","step":"Battle Retry","time":"2026-06-09T12:20:29+02:00","message":"pinpoint match, clicking..."}
{"level":"info","time":"2026-06-09T12:20:29+02:00","message":"ADB TAP: (731, 537)"}
{"level":"info","attacks":0,"uptime":"1m10s","avg_ms":219.12089157101633,"time":"2026-06-09T12:20:30+02:00","message":"bot stats"}
{"level":"info","bot":"orchestrator","time":"2026-06-09T12:20:32+02:00","message":"battle state detected, entering search loop"}
{"level":"info","bot":"orchestrator","time":"2026-06-09T12:20:32+02:00","message":"waiting for base to be found..."}
{"level":"info","bot":"orchestrator","time":"2026-06-09T12:20:34+02:00","message":"base found, reading loot..."}
{"level":"info","bot":"orchestrator","gold":5126,"elixir":709261,"de":9827,"time":"2026-06-09T12:20:34+02:00","message":"loot detected"}
{"level":"info","bot":"orchestrator","time":"2026-06-09T12:20:34+02:00","message":"loot too low, skipping base..."}
{"level":"info","bot":"orchestrator","step":"Next Match","time":"2026-06-09T12:20:34+02:00","message":"pinpoint match, clicking..."}
{"level":"info","time":"2026-06-09T12:20:34+02:00","message":"ADB TAP: (794, 577)"}
{"level":"info","bot":"orchestrator","time":"2026-06-09T12:20:39+02:00","message":"base found, reading loot..."}
{"level":"info","bot":"orchestrator","gold":345920,"elixir":863080,"de":3417,"time":"2026-06-09T12:20:40+02:00","message":"loot detected"}
{"level":"info","bot":"orchestrator","time":"2026-06-09T12:20:40+02:00","message":"loot too low, skipping base..."}
{"level":"info","bot":"orchestrator","step":"Next Match","time":"2026-06-09T12:20:40+02:00","message":"pinpoint match, clicking..."}
{"level":"info","time":"2026-06-09T12:20:40+02:00","message":"ADB TAP: (794, 577)"}
{"level":"info","attacks":0,"uptime":"1m20s","avg_ms":189.4546332148884,"time":"2026-06-09T12:20:40+02:00","message":"bot stats"}
{"level":"info","bot":"orchestrator","time":"2026-06-09T12:20:44+02:00","message":"base found, reading loot..."}
{"level":"info","bot":"orchestrator","gold":1325292,"elixir":1370868,"de":11651,"time":"2026-06-09T12:20:45+02:00","message":"loot detected"}
{"level":"info","bot":"orchestrator","time":"2026-06-09T12:20:45+02:00","message":"loot requirements met, starting attack!"}
{"level":"info","bot":"orchestrator","strategy":"Auto EDrag Rush","phases":5,"time":"2026-06-09T12:20:45+02:00","message":"executing dynamic attack plan"}
{"level":"info","component":"attack_executor","bar_y":630,"time":"2026-06-09T12:20:46+02:00","message":"using ULTIMATE PRECISION config"}
{"level":"info","component":"attack_executor","edge":"BottomLeft","time":"2026-06-09T12:20:46+02:00","message":"random edge selected"}
{"level":"info","component":"attack_executor","slots":11,"time":"2026-06-09T12:20:46+02:00","message":"using 100% precise manual slot mapping"}
{"level":"info","component":"attack_executor","active_xs":[62,134,212,287,360,433,511,584,657,730,798],"time":"2026-06-09T12:20:46+02:00","message":"detected active slots in bar"}
{"level":"info","component":"attack_executor","x":62,"category":"Troop","time":"2026-06-09T12:20:48+02:00","message":"classified slot"}
{"level":"info","component":"attack_executor","x":134,"category":"Troop","time":"2026-06-09T12:20:48+02:00","message":"classified slot"}
{"level":"info","component":"attack_executor","x":212,"category":"Siege","time":"2026-06-09T12:20:48+02:00","message":"classified slot"}
{"level":"info","component":"attack_executor","x":287,"category":"Hero","time":"2026-06-09T12:20:48+02:00","message":"classified slot"}
{"level":"info","component":"attack_executor","x":360,"category":"Hero","time":"2026-06-09T12:20:48+02:00","message":"classified slot"}
{"level":"info","component":"attack_executor","x":433,"category":"Hero","time":"2026-06-09T12:20:48+02:00","message":"classified slot"}
{"level":"info","component":"attack_executor","x":511,"category":"Hero","time":"2026-06-09T12:20:48+02:00","message":"classified slot"}
{"level":"info","component":"attack_executor","x":584,"category":"Spell","time":"2026-06-09T12:20:48+02:00","message":"classified slot"}
{"level":"info","component":"attack_executor","x":657,"category":"Spell","time":"2026-06-09T12:20:48+02:00","message":"classified slot"}
{"level":"info","component":"attack_executor","x":730,"category":"Spell","time":"2026-06-09T12:20:48+02:00","message":"classified slot"}
{"level":"info","component":"attack_executor","x":798,"category":"Spell","time":"2026-06-09T12:20:48+02:00","message":"classified slot"}
{"level":"info","component":"attack_executor","x":798,"time":"2026-06-09T12:20:48+02:00","message":"classified last slot as CC"}
{"level":"info","component":"attack_executor","time":"2026-06-09T12:20:48+02:00","message":"saved visual diagnostics to attack_deploy_debug.png"}
{"level":"info","component":"attack_executor","labels":11,"time":"2026-06-09T12:20:48+02:00","message":"loading 100% precise manual troop labels"}
{"level":"info","component":"attack_executor","phase":"Balloons","time":"2026-06-09T12:20:48+02:00","message":"attack phase"}
{"level":"info","component":"attack_executor","unit":"Balloon","ability":false,"x":134,"y":681,"conf":1,"time":"2026-06-09T12:20:48+02:00","message":"selecting unit"}
{"level":"info","time":"2026-06-09T12:20:48+02:00","message":"ADB TAP: (134, 682)"}
{"level":"info","component":"attack_executor","unit":"Balloon","time":"2026-06-09T12:20:48+02:00","message":"deploying troop line batch"}
{"level":"info","component":"attack_executor","unit":"Balloon","time":"2026-06-09T12:20:49+02:00","message":"troop slot not empty yet, selecting again and deploying next batch..."}
{"level":"info","time":"2026-06-09T12:20:49+02:00","message":"ADB TAP: (139, 681)"}
{"level":"info","component":"attack_executor","unit":"Balloon","time":"2026-06-09T12:20:49+02:00","message":"deploying troop line batch"}
{"level":"info","component":"attack_executor","unit":"Balloon","time":"2026-06-09T12:20:49+02:00","message":"troop slot not empty yet, selecting again and deploying next batch..."}
{"level":"info","time":"2026-06-09T12:20:49+02:00","message":"ADB TAP: (133, 681)"}
{"level":"info","component":"attack_executor","unit":"Balloon","time":"2026-06-09T12:20:49+02:00","message":"deploying troop line batch"}
{"level":"info","component":"attack_executor","unit":"Balloon","time":"2026-06-09T12:20:50+02:00","message":"troop slot not empty yet, selecting again and deploying next batch..."}
{"level":"info","time":"2026-06-09T12:20:50+02:00","message":"ADB TAP: (134, 681)"}
{"level":"info","attacks":0,"uptime":"1m30s","avg_ms":204.53843712808637,"time":"2026-06-09T12:20:50+02:00","message":"bot stats"}
{"level":"info","component":"attack_executor","phase":"Electro Dragons","time":"2026-06-09T12:20:50+02:00","message":"attack phase"}
{"level":"info","component":"attack_executor","unit":"Electro Dragon","ability":false,"x":62,"y":681,"conf":1,"time":"2026-06-09T12:20:50+02:00","message":"selecting unit"}
{"level":"info","time":"2026-06-09T12:20:50+02:00","message":"ADB TAP: (63, 679)"}
{"level":"info","component":"attack_executor","unit":"Electro Dragon","time":"2026-06-09T12:20:50+02:00","message":"deploying troop line batch"}
{"level":"info","component":"attack_executor","unit":"Electro Dragon","time":"2026-06-09T12:20:51+02:00","message":"troop slot not empty yet, selecting again and deploying next batch..."}
{"level":"info","time":"2026-06-09T12:20:51+02:00","message":"ADB TAP: (63, 681)"}
{"level":"info","component":"attack_executor","unit":"Electro Dragon","time":"2026-06-09T12:20:51+02:00","message":"deploying troop line batch"}
{"level":"info","component":"attack_executor","unit":"Electro Dragon","time":"2026-06-09T12:20:51+02:00","message":"troop slot not empty yet, selecting again and deploying next batch..."}
{"level":"info","time":"2026-06-09T12:20:51+02:00","message":"ADB TAP: (62, 681)"}
{"level":"info","component":"attack_executor","unit":"Electro Dragon","time":"2026-06-09T12:20:52+02:00","message":"deploying troop line batch"}
{"level":"info","component":"attack_executor","unit":"Electro Dragon","time":"2026-06-09T12:20:52+02:00","message":"troop slot not empty yet, selecting again and deploying next batch..."}
{"level":"info","time":"2026-06-09T12:20:52+02:00","message":"ADB TAP: (61, 682)"}
{"level":"info","component":"attack_executor","phase":"Siege Machine","time":"2026-06-09T12:20:52+02:00","message":"attack phase"}
{"level":"info","component":"attack_executor","unit":"Stone Slammer","ability":false,"x":218,"y":706,"conf":0.9591091275215149,"time":"2026-06-09T12:20:53+02:00","message":"selecting unit"}
{"level":"info","time":"2026-06-09T12:20:53+02:00","message":"ADB TAP: (217, 705)"}
{"level":"info","component":"attack_executor","unit":"Stone Slammer","x":212,"y":498,"time":"2026-06-09T12:20:53+02:00","message":"deploying hero/siege point"}
{"level":"info","time":"2026-06-09T12:20:53+02:00","message":"ADB TAP: (221, 507)"}
{"level":"info","component":"attack_executor","phase":"Heroes","time":"2026-06-09T12:20:53+02:00","message":"attack phase"}
{"level":"info","component":"attack_executor","unit":"Archer Queen","category":"Hero","pos":{"X":360,"Y":682},"time":"2026-06-09T12:20:54+02:00","message":"layout parser fallback mapping"}
{"level":"info","component":"attack_executor","unit":"Barbarian King","ability":false,"x":287,"y":681,"conf":1,"time":"2026-06-09T12:20:54+02:00","message":"selecting unit"}
{"level":"info","time":"2026-06-09T12:20:54+02:00","message":"ADB TAP: (291, 680)"}
{"level":"info","component":"attack_executor","unit":"Barbarian King","x":212,"y":498,"time":"2026-06-09T12:20:54+02:00","message":"deploying hero/siege point"}
{"level":"info","time":"2026-06-09T12:20:54+02:00","message":"ADB TAP: (206, 499)"}
{"level":"info","component":"attack_executor","unit":"Archer Queen","ability":false,"x":360,"y":682,"conf":1,"time":"2026-06-09T12:20:54+02:00","message":"selecting unit"}
{"level":"info","time":"2026-06-09T12:20:54+02:00","message":"ADB TAP: (361, 682)"}
{"level":"info","component":"attack_executor","unit":"Archer Queen","x":212,"y":498,"time":"2026-06-09T12:20:54+02:00","message":"deploying hero/siege point"}
{"level":"info","time":"2026-06-09T12:20:54+02:00","message":"ADB TAP: (228, 500)"}
{"level":"info","component":"attack_executor","unit":"Grand Warden","ability":false,"x":433,"y":681,"conf":1,"time":"2026-06-09T12:20:54+02:00","message":"selecting unit"}
{"level":"info","time":"2026-06-09T12:20:54+02:00","message":"ADB TAP: (433, 682)"}
{"level":"info","component":"attack_executor","unit":"Grand Warden","x":212,"y":498,"time":"2026-06-09T12:20:54+02:00","message":"deploying hero/siege point"}
{"level":"info","time":"2026-06-09T12:20:54+02:00","message":"ADB TAP: (211, 489)"}
{"level":"info","component":"attack_executor","unit":"Minion Prince","ability":false,"x":360,"y":681,"conf":1,"time":"2026-06-09T12:20:54+02:00","message":"selecting unit"}
{"level":"info","time":"2026-06-09T12:20:54+02:00","message":"ADB TAP: (360, 678)"}
{"level":"info","component":"attack_executor","unit":"Minion Prince","x":212,"y":498,"time":"2026-06-09T12:20:55+02:00","message":"deploying hero/siege point"}
{"level":"info","time":"2026-06-09T12:20:55+02:00","message":"ADB TAP: (203, 498)"}
{"level":"info","component":"attack_executor","unit":"Dragon Duke","ability":false,"x":498,"y":685,"conf":0.9140827059745789,"time":"2026-06-09T12:20:55+02:00","message":"selecting unit"}
{"level":"info","time":"2026-06-09T12:20:55+02:00","message":"ADB TAP: (498, 687)"}
{"level":"info","component":"attack_executor","target":"BottomLeft","duke_edge":"BottomRight","time":"2026-06-09T12:20:55+02:00","message":"Dragon Duke adjacent placement"}
{"level":"info","component":"attack_executor","unit":"Dragon Duke","x":658,"y":503,"time":"2026-06-09T12:20:55+02:00","message":"deploying hero/siege point"}
{"level":"info","time":"2026-06-09T12:20:55+02:00","message":"ADB TAP: (675, 521)"}
{"level":"info","component":"attack_executor","phase":"Spells","time":"2026-06-09T12:20:55+02:00","message":"attack phase"}
{"level":"info","component":"attack_executor","unit":"Rage Spell","ability":false,"x":584,"y":681,"conf":1,"time":"2026-06-09T12:20:55+02:00","message":"selecting unit"}
{"level":"info","time":"2026-06-09T12:20:55+02:00","message":"ADB TAP: (581, 681)"}
{"level":"info","component":"attack_executor","unit":"Rage Spell","time":"2026-06-09T12:20:55+02:00","message":"deploying spell lines batch (Rage)"}
{"level":"info","time":"2026-06-09T12:20:55+02:00","message":"ADB TAP: (380, 506)"}
{"level":"info","time":"2026-06-09T12:20:55+02:00","message":"ADB TAP: (278, 444)"}
{"level":"info","time":"2026-06-09T12:20:55+02:00","message":"ADB TAP: (231, 399)"}
{"level":"info","component":"attack_executor","unit":"Rage Spell","time":"2026-06-09T12:20:56+02:00","message":"spell slot not empty yet, selecting again and deploying next batch..."}
{"level":"info","time":"2026-06-09T12:20:56+02:00","message":"ADB TAP: (584, 686)"}
{"level":"info","component":"attack_executor","unit":"Rage Spell","time":"2026-06-09T12:20:56+02:00","message":"deploying spell lines batch (Rage)"}
{"level":"info","time":"2026-06-09T12:20:56+02:00","message":"ADB TAP: (405, 462)"}
{"level":"info","time":"2026-06-09T12:20:56+02:00","message":"ADB TAP: (363, 411)"}
{"level":"info","time":"2026-06-09T12:20:56+02:00","message":"ADB TAP: (281, 359)"}
{"level":"info","component":"attack_executor","unit":"Rage Spell","time":"2026-06-09T12:20:56+02:00","message":"spell slot not empty yet, selecting again and deploying next batch..."}
{"level":"info","time":"2026-06-09T12:20:56+02:00","message":"ADB TAP: (584, 681)"}
{"level":"info","component":"attack_executor","unit":"Rage Spell","time":"2026-06-09T12:20:57+02:00","message":"deploying spell lines batch (Rage)"}
{"level":"info","time":"2026-06-09T12:20:57+02:00","message":"ADB TAP: (419, 461)"}
{"level":"info","time":"2026-06-09T12:20:57+02:00","message":"ADB TAP: (354, 410)"}
{"level":"info","time":"2026-06-09T12:20:57+02:00","message":"ADB TAP: (268, 367)"}
{"level":"info","component":"attack_executor","unit":"Rage Spell","time":"2026-06-09T12:20:57+02:00","message":"spell slot empty, finished deploying"}
{"level":"info","component":"attack_executor","unit":"Ice Spell","ability":false,"x":657,"y":681,"conf":1,"time":"2026-06-09T12:20:57+02:00","message":"selecting unit"}
{"level":"info","time":"2026-06-09T12:20:57+02:00","message":"ADB TAP: (656, 683)"}
{"level":"info","component":"attack_executor","unit":"Ice Spell","time":"2026-06-09T12:20:57+02:00","message":"deploying spell line batch"}
{"level":"info","time":"2026-06-09T12:20:57+02:00","message":"ADB TAP: (439, 471)"}
{"level":"info","time":"2026-06-09T12:20:57+02:00","message":"ADB TAP: (360, 416)"}
{"level":"info","time":"2026-06-09T12:20:57+02:00","message":"ADB TAP: (284, 358)"}
{"level":"info","component":"attack_executor","unit":"Ice Spell","time":"2026-06-09T12:20:58+02:00","message":"spell slot not empty yet, selecting again and deploying next batch..."}
{"level":"info","time":"2026-06-09T12:20:58+02:00","message":"ADB TAP: (654, 682)"}
{"level":"info","component":"attack_executor","unit":"Ice Spell","time":"2026-06-09T12:20:58+02:00","message":"deploying spell line batch"}
{"level":"info","time":"2026-06-09T12:20:58+02:00","message":"ADB TAP: (417, 472)"}
{"level":"info","time":"2026-06-09T12:20:58+02:00","message":"ADB TAP: (364, 414)"}
{"level":"info","time":"2026-06-09T12:20:58+02:00","message":"ADB TAP: (272, 362)"}
{"level":"info","component":"attack_executor","unit":"Ice Spell","time":"2026-06-09T12:20:58+02:00","message":"spell slot not empty yet, selecting again and deploying next batch..."}
{"level":"info","time":"2026-06-09T12:20:58+02:00","message":"ADB TAP: (655, 681)"}
{"level":"info","component":"attack_executor","unit":"Ice Spell","time":"2026-06-09T12:20:59+02:00","message":"deploying spell line batch"}
{"level":"info","time":"2026-06-09T12:20:59+02:00","message":"ADB TAP: (426, 453)"}
{"level":"info","time":"2026-06-09T12:20:59+02:00","message":"ADB TAP: (358, 406)"}
{"level":"info","time":"2026-06-09T12:20:59+02:00","message":"ADB TAP: (280, 346)"}
{"level":"info","component":"attack_executor","unit":"Ice Spell","time":"2026-06-09T12:20:59+02:00","message":"spell slot not empty yet, selecting again and deploying next batch..."}
{"level":"info","time":"2026-06-09T12:20:59+02:00","message":"ADB TAP: (658, 681)"}
{"level":"info","component":"attack_executor","unit":"Ice Spell","time":"2026-06-09T12:20:59+02:00","message":"deploying spell line batch"}
{"level":"info","time":"2026-06-09T12:20:59+02:00","message":"ADB TAP: (420, 474)"}
{"level":"info","time":"2026-06-09T12:20:59+02:00","message":"ADB TAP: (351, 420)"}
{"level":"info","time":"2026-06-09T12:20:59+02:00","message":"ADB TAP: (291, 361)"}
{"level":"info","component":"attack_executor","unit":"Ice Spell","time":"2026-06-09T12:21:00+02:00","message":"spell slot empty, finished deploying"}
{"level":"info","component":"attack_executor","time":"2026-06-09T12:21:00+02:00","message":"activating hero abilities right after spells..."}
{"level":"info","component":"attack_executor","x":287,"y":681,"time":"2026-06-09T12:21:00+02:00","message":"retapping hero icon once for ability/equipment"}
{"level":"info","time":"2026-06-09T12:21:00+02:00","message":"ADB TAP: (287, 682)"}
{"level":"info","attacks":0,"uptime":"1m40s","avg_ms":242.28929067440197,"time":"2026-06-09T12:21:00+02:00","message":"bot stats"}
{"level":"info","component":"attack_executor","x":360,"y":682,"time":"2026-06-09T12:21:00+02:00","message":"retapping hero icon once for ability/equipment"}
{"level":"info","time":"2026-06-09T12:21:00+02:00","message":"ADB TAP: (360, 680)"}
{"level":"info","component":"attack_executor","x":433,"y":681,"time":"2026-06-09T12:21:00+02:00","message":"retapping hero icon once for ability/equipment"}
{"level":"info","time":"2026-06-09T12:21:00+02:00","message":"ADB TAP: (433, 683)"}
{"level":"info","component":"attack_executor","x":360,"y":681,"time":"2026-06-09T12:21:00+02:00","message":"retapping hero icon once for ability/equipment"}
{"level":"info","time":"2026-06-09T12:21:00+02:00","message":"ADB TAP: (360, 681)"}
{"level":"info","component":"attack_executor","x":498,"y":685,"time":"2026-06-09T12:21:00+02:00","message":"retapping hero icon once for ability/equipment"}
{"level":"info","time":"2026-06-09T12:21:00+02:00","message":"ADB TAP: (498, 685)"}
{"level":"info","component":"attack_executor","time":"2026-06-09T12:21:00+02:00","message":"starting sweep of remaining/event slots..."}
{"level":"info","component":"attack_executor","x":715,"y":681,"time":"2026-06-09T12:21:00+02:00","message":"found undeployed/event troop slot during sweep, deploying..."}
{"level":"info","time":"2026-06-09T12:21:00+02:00","message":"ADB TAP: (714, 682)"}
{"level":"info","time":"2026-06-09T12:21:01+02:00","message":"ADB TAP: (715, 679)"}
{"level":"info","time":"2026-06-09T12:21:02+02:00","message":"ADB TAP: (713, 681)"}
{"level":"info","component":"attack_executor","x":790,"y":681,"time":"2026-06-09T12:21:02+02:00","message":"found undeployed/event troop slot during sweep, deploying..."}
{"level":"info","time":"2026-06-09T12:21:02+02:00","message":"ADB TAP: (790, 682)"}
{"level":"info","time":"2026-06-09T12:21:03+02:00","message":"ADB TAP: (790, 681)"}
{"level":"info","time":"2026-06-09T12:21:03+02:00","message":"ADB TAP: (790, 681)"}
{"level":"info","component":"attack_executor","time":"2026-06-09T12:21:04+02:00","message":"verifying deployment success..."}
{"level":"info","component":"attack_executor","slots":11,"time":"2026-06-09T12:21:04+02:00","message":"using 100% precise manual slot mapping"}
{"level":"info","component":"attack_executor","active_xs":[62,134,212,287,360,433,511,730,798],"time":"2026-06-09T12:21:04+02:00","message":"detected active slots in bar"}
{"level":"info","component":"attack_executor","x":62,"category":"Troop","time":"2026-06-09T12:21:06+02:00","message":"classified slot"}
{"level":"info","component":"attack_executor","x":134,"category":"Troop","time":"2026-06-09T12:21:06+02:00","message":"classified slot"}
{"level":"info","component":"attack_executor","x":212,"category":"Troop","time":"2026-06-09T12:21:06+02:00","message":"classified slot"}
{"level":"info","component":"attack_executor","x":287,"category":"Troop","time":"2026-06-09T12:21:06+02:00","message":"classified slot"}
{"level":"info","component":"attack_executor","x":360,"category":"Troop","time":"2026-06-09T12:21:06+02:00","message":"classified slot"}
{"level":"info","component":"attack_executor","x":433,"category":"Siege","time":"2026-06-09T12:21:06+02:00","message":"classified slot"}
{"level":"info","component":"attack_executor","x":511,"category":"Hero","time":"2026-06-09T12:21:06+02:00","message":"classified slot"}
{"level":"info","component":"attack_executor","x":730,"category":"Spell","time":"2026-06-09T12:21:06+02:00","message":"classified slot"}
{"level":"info","component":"attack_executor","x":798,"category":"Spell","time":"2026-06-09T12:21:06+02:00","message":"classified slot"}
{"level":"info","component":"attack_executor","x":798,"time":"2026-06-09T12:21:06+02:00","message":"classified last slot as CC"}
{"level":"warn","component":"attack_executor","attempt":1,"remaining_slots":6,"time":"2026-06-09T12:21:06+02:00","message":"detected undeployed units, retrying..."}
{"level":"info","component":"attack_executor","x":62,"category":"Troop","time":"2026-06-09T12:21:06+02:00","message":"re-deploying remaining slot"}
{"level":"info","time":"2026-06-09T12:21:06+02:00","message":"ADB TAP: (61, 682)"}
{"level":"info","time":"2026-06-09T12:21:06+02:00","message":"ADB TAP: (62, 680)"}
{"level":"info","time":"2026-06-09T12:21:07+02:00","message":"ADB TAP: (61, 681)"}
{"level":"info","component":"attack_executor","x":134,"category":"Troop","time":"2026-06-09T12:21:07+02:00","message":"re-deploying remaining slot"}
{"level":"info","time":"2026-06-09T12:21:07+02:00","message":"ADB TAP: (134, 681)"}
{"level":"info","time":"2026-06-09T12:21:08+02:00","message":"ADB TAP: (136, 682)"}
{"level":"info","time":"2026-06-09T12:21:08+02:00","message":"ADB TAP: (134, 681)"}
{"level":"info","component":"attack_executor","x":730,"category":"Spell","time":"2026-06-09T12:21:09+02:00","message":"re-deploying remaining slot"}
{"level":"info","time":"2026-06-09T12:21:09+02:00","message":"ADB TAP: (729, 677)"}
{"level":"info","time":"2026-06-09T12:21:09+02:00","message":"ADB TAP: (730, 682)"}
{"level":"info","attacks":0,"uptime":"1m50s","avg_ms":213.42541113287538,"time":"2026-06-09T12:21:10+02:00","message":"bot stats"}
{"level":"info","time":"2026-06-09T12:21:10+02:00","message":"ADB TAP: (731, 683)"}
{"level":"info","component":"attack_executor","x":798,"category":"CC","time":"2026-06-09T12:21:10+02:00","message":"re-deploying remaining slot"}
{"level":"info","time":"2026-06-09T12:21:10+02:00","message":"ADB TAP: (797, 683)"}
{"level":"info","time":"2026-06-09T12:21:11+02:00","message":"ADB TAP: (799, 682)"}
{"level":"info","time":"2026-06-09T12:21:12+02:00","message":"ADB TAP: (800, 682)"}
{"level":"info","component":"attack_executor","slots":11,"time":"2026-06-09T12:21:12+02:00","message":"using 100% precise manual slot mapping"}
{"level":"info","component":"attack_executor","active_xs":[134,287,360,433,511,730,798],"time":"2026-06-09T12:21:12+02:00","message":"detected active slots in bar"}
{"level":"info","component":"attack_executor","x":134,"category":"Troop","time":"2026-06-09T12:21:14+02:00","message":"classified slot"}
{"level":"info","component":"attack_executor","x":287,"category":"Troop","time":"2026-06-09T12:21:14+02:00","message":"classified slot"}
{"level":"info","component":"attack_executor","x":360,"category":"Troop","time":"2026-06-09T12:21:14+02:00","message":"classified slot"}
{"level":"info","component":"attack_executor","x":433,"category":"Siege","time":"2026-06-09T12:21:14+02:00","message":"classified slot"}
{"level":"info","component":"attack_executor","x":511,"category":"Hero","time":"2026-06-09T12:21:14+02:00","message":"classified slot"}
{"level":"info","component":"attack_executor","x":730,"category":"Spell","time":"2026-06-09T12:21:14+02:00","message":"classified slot"}
{"level":"info","component":"attack_executor","x":798,"category":"Spell","time":"2026-06-09T12:21:14+02:00","message":"classified slot"}
{"level":"info","component":"attack_executor","x":798,"time":"2026-06-09T12:21:14+02:00","message":"classified last slot as CC"}
{"level":"warn","component":"attack_executor","attempt":2,"remaining_slots":5,"time":"2026-06-09T12:21:14+02:00","message":"detected undeployed units, retrying..."}
{"level":"info","component":"attack_executor","x":134,"category":"Troop","time":"2026-06-09T12:21:14+02:00","message":"re-deploying remaining slot"}
{"level":"info","time":"2026-06-09T12:21:14+02:00","message":"ADB TAP: (132, 680)"}
{"level":"info","time":"2026-06-09T12:21:14+02:00","message":"ADB TAP: (134, 680)"}
{"level":"info","time":"2026-06-09T12:21:15+02:00","message":"ADB TAP: (129, 683)"}
{"level":"info","component":"attack_executor","x":730,"category":"Spell","time":"2026-06-09T12:21:15+02:00","message":"re-deploying remaining slot"}
{"level":"info","time":"2026-06-09T12:21:15+02:00","message":"ADB TAP: (730, 681)"}
{"level":"info","time":"2026-06-09T12:21:16+02:00","message":"ADB TAP: (730, 682)"}
{"level":"info","time":"2026-06-09T12:21:17+02:00","message":"ADB TAP: (730, 686)"}
{"level":"info","component":"attack_executor","x":798,"category":"CC","time":"2026-06-09T12:21:17+02:00","message":"re-deploying remaining slot"}
{"level":"info","time":"2026-06-09T12:21:17+02:00","message":"ADB TAP: (798, 684)"}
{"level":"info","time":"2026-06-09T12:21:18+02:00","message":"ADB TAP: (799, 685)"}
{"level":"info","time":"2026-06-09T12:21:18+02:00","message":"ADB TAP: (801, 682)"}
{"level":"info","bot":"orchestrator","file":"diag_20260609_122119.png","time":"2026-06-09T12:21:19+02:00","message":"saved diagnostic screenshot"}
{"level":"info","bot":"orchestrator","file":"diag_20260609_122119.json","time":"2026-06-09T12:21:19+02:00","message":"saved diagnostic data"}
{"level":"info","bot":"orchestrator","time":"2026-06-09T12:21:19+02:00","message":"battle deployment complete, waiting for battle to end naturally..."}
{"level":"info","attacks":0,"uptime":"2m0s","avg_ms":198.91674338131477,"time":"2026-06-09T12:21:20+02:00","message":"bot stats"}
{"level":"info","attacks":0,"uptime":"2m10s","avg_ms":233.86667691356124,"time":"2026-06-09T12:21:30+02:00","message":"bot stats"}
{"level":"info","time":"2026-06-09T12:21:32+02:00","message":"shutdown signal received"}
{"level":"info","time":"2026-06-09T12:21:32+02:00","message":"shutting down..."}
{"level":"info","time":"2026-06-09T12:48:59+02:00","message":"initializing bot startup sequence..."}
{"level":"info","time":"2026-06-09T12:48:59+02:00","message":"verifying BlueStacks configuration..."}
{"level":"info","time":"2026-06-09T12:48:59+02:00","message":"ADB device connected"}
{"level":"info","time":"2026-06-09T12:48:59+02:00","message":"BlueStacks already running with correct resolution"}
{"level":"info","time":"2026-06-09T12:48:59+02:00","message":"waiting for ADB connection (up to 90s)..."}
{"level":"info","time":"2026-06-09T12:48:59+02:00","message":"ADB connected successfully"}
{"level":"info","time":"2026-06-09T12:48:59+02:00","message":"waiting for Android system to report 'boot_completed'..."}
{"level":"info","time":"2026-06-09T12:48:59+02:00","message":"Android system is ready"}
{"level":"info","time":"2026-06-09T12:48:59+02:00","message":"checking game status..."}
{"level":"info","package":"com.supercell.clashofclans","time":"2026-06-09T12:48:59+02:00","message":"ensuring clean state by restarting game..."}
{"level":"info","package":"com.supercell.clashofclans","time":"2026-06-09T12:49:01+02:00","message":"launching game..."}
{"level":"info","time":"2026-06-09T12:49:01+02:00","message":"waiting for game to settle..."}
{"level":"info","time":"2026-06-09T12:49:16+02:00","message":"starting calibration..."}
{"level":"info","templates":77,"time":"2026-06-09T12:49:17+02:00","message":"templates loaded"}
{"level":"info","bot":"orchestrator","device":"localhost:5555","resolution":"860x732","scale":"1.000x1.000","time":"2026-06-09T12:49:17+02:00","message":"connected"}
{"level":"info","bot":"orchestrator","x":842,"y":345,"time":"2026-06-09T12:49:17+02:00","message":"performing initial focus click"}
{"level":"info","time":"2026-06-09T12:49:17+02:00","message":"ADB TAP: (842, 345)"}
{"level":"info","bot":"orchestrator","time":"2026-06-09T12:49:19+02:00","message":"attack button detected, starting sequence"}
{"level":"info","bot":"orchestrator","step":"Attack","time":"2026-06-09T12:49:19+02:00","message":"pinpoint match, clicking..."}
{"level":"info","time":"2026-06-09T12:49:19+02:00","message":"ADB TAP: (64, 666)"}
{"level":"info","bot":"orchestrator","time":"2026-06-09T12:49:19+02:00","message":"main village elements detected, performing initial zoom out..."}
{"level":"info","bot":"orchestrator","step":"Find Match","time":"2026-06-09T12:49:21+02:00","message":"pinpoint match, clicking..."}
{"level":"info","time":"2026-06-09T12:49:21+02:00","message":"ADB TAP: (158, 494)"}
{"level":"info","bot":"orchestrator","step":"Army Arrow","time":"2026-06-09T12:49:24+02:00","message":"pinpoint match, clicking..."}
{"level":"info","time":"2026-06-09T12:49:24+02:00","message":"ADB TAP: (514, 192)"}
{"level":"info","bot":"orchestrator","step":"Army 1","time":"2026-06-09T12:49:26+02:00","message":"pinpoint match, clicking..."}
{"level":"info","time":"2026-06-09T12:49:26+02:00","message":"ADB TAP: (513, 230)"}
{"level":"info","attacks":0,"uptime":"10s","avg_ms":417.70885131558134,"time":"2026-06-09T12:49:27+02:00","message":"bot stats"}
{"level":"info","bot":"orchestrator","step":"Battle","time":"2026-06-09T12:49:29+02:00","message":"pinpoint match, clicking..."}
{"level":"info","time":"2026-06-09T12:49:29+02:00","message":"ADB TAP: (731, 537)"}
{"level":"info","bot":"orchestrator","time":"2026-06-09T12:49:30+02:00","message":"waiting for battle state (searching)..."}
{"level":"info","bot":"orchestrator","time":"2026-06-09T12:49:31+02:00","message":"in clouds/loading..."}
{"level":"info","bot":"orchestrator","time":"2026-06-09T12:49:32+02:00","message":"in clouds/loading..."}
{"level":"info","bot":"orchestrator","time":"2026-06-09T12:49:34+02:00","message":"in clouds/loading..."}
{"level":"info","bot":"orchestrator","time":"2026-06-09T12:49:37+02:00","message":"battle state detected, entering search loop"}
{"level":"info","bot":"orchestrator","time":"2026-06-09T12:49:37+02:00","message":"waiting for base to be found..."}
{"level":"info","attacks":0,"uptime":"20s","avg_ms":314.78793318451835,"time":"2026-06-09T12:49:37+02:00","message":"bot stats"}
{"level":"info","bot":"orchestrator","time":"2026-06-09T12:49:39+02:00","message":"base found, reading loot..."}
{"level":"info","bot":"orchestrator","gold":1260,"elixir":1870210,"de":11161,"time":"2026-06-09T12:49:39+02:00","message":"loot detected"}
{"level":"info","bot":"orchestrator","time":"2026-06-09T12:49:39+02:00","message":"loot too low, skipping base..."}
{"level":"info","bot":"orchestrator","step":"Next Match","time":"2026-06-09T12:49:39+02:00","message":"pinpoint match, clicking..."}
{"level":"info","time":"2026-06-09T12:49:39+02:00","message":"ADB TAP: (794, 577)"}
{"level":"info","bot":"orchestrator","state":"SearchMap","time":"2026-06-09T12:49:44+02:00","message":"still searching (clouds)..."}
{"level":"info","bot":"orchestrator","state":"Unknown","time":"2026-06-09T12:49:45+02:00","message":"searching area (wait)..."}
{"level":"info","attacks":0,"uptime":"30s","avg_ms":333.77968609974425,"time":"2026-06-09T12:49:47+02:00","message":"bot stats"}
{"level":"info","bot":"orchestrator","time":"2026-06-09T12:49:50+02:00","message":"base found, reading loot..."}
{"level":"info","bot":"orchestrator","gold":288974,"elixir":434831,"de":4752,"time":"2026-06-09T12:49:50+02:00","message":"loot detected"}
{"level":"info","bot":"orchestrator","time":"2026-06-09T12:49:50+02:00","message":"loot too low, skipping base..."}
{"level":"info","bot":"orchestrator","step":"Next Match","time":"2026-06-09T12:49:50+02:00","message":"pinpoint match, clicking..."}
{"level":"info","time":"2026-06-09T12:49:50+02:00","message":"ADB TAP: (794, 577)"}
{"level":"info","bot":"orchestrator","state":"SearchMap","time":"2026-06-09T12:49:55+02:00","message":"still searching (clouds)..."}
{"level":"info","attacks":0,"uptime":"40s","avg_ms":442.2856003669056,"time":"2026-06-09T12:49:58+02:00","message":"bot stats"}
{"level":"info","bot":"orchestrator","time":"2026-06-09T12:49:58+02:00","message":"base found, reading loot..."}
{"level":"info","bot":"orchestrator","gold":190013,"elixir":334765,"de":3989,"time":"2026-06-09T12:49:59+02:00","message":"loot detected"}
{"level":"info","bot":"orchestrator","time":"2026-06-09T12:49:59+02:00","message":"loot too low, skipping base..."}
{"level":"info","bot":"orchestrator","step":"Next Match","time":"2026-06-09T12:49:59+02:00","message":"pinpoint match, clicking..."}
{"level":"info","time":"2026-06-09T12:49:59+02:00","message":"ADB TAP: (794, 577)"}
{"level":"info","bot":"orchestrator","state":"SearchMap","time":"2026-06-09T12:50:03+02:00","message":"still searching (clouds)..."}
{"level":"info","bot":"orchestrator","time":"2026-06-09T12:50:06+02:00","message":"base found, reading loot..."}
{"level":"info","bot":"orchestrator","gold":596300,"elixir":567667,"de":8021,"time":"2026-06-09T12:50:06+02:00","message":"loot detected"}
{"level":"info","bot":"orchestrator","time":"2026-06-09T12:50:06+02:00","message":"loot too low, skipping base..."}
{"level":"info","bot":"orchestrator","step":"Next Match","time":"2026-06-09T12:50:06+02:00","message":"pinpoint match, clicking..."}
{"level":"info","time":"2026-06-09T12:50:06+02:00","message":"ADB TAP: (794, 577)"}
{"level":"info","attacks":0,"uptime":"50s","avg_ms":215.35655546832453,"time":"2026-06-09T12:50:07+02:00","message":"bot stats"}
{"level":"info","bot":"orchestrator","state":"SearchMap","time":"2026-06-09T12:50:11+02:00","message":"still searching (clouds)..."}
{"level":"info","bot":"orchestrator","time":"2026-06-09T12:50:13+02:00","message":"base found, reading loot..."}
{"level":"info","bot":"orchestrator","gold":59635,"elixir":488968,"de":4589,"time":"2026-06-09T12:50:13+02:00","message":"loot detected"}
{"level":"info","bot":"orchestrator","time":"2026-06-09T12:50:13+02:00","message":"loot too low, skipping base..."}
{"level":"info","bot":"orchestrator","step":"Next Match","time":"2026-06-09T12:50:13+02:00","message":"pinpoint match, clicking..."}
{"level":"info","time":"2026-06-09T12:50:13+02:00","message":"ADB TAP: (794, 577)"}
{"level":"info","attacks":0,"uptime":"1m0s","avg_ms":152.7594204989783,"time":"2026-06-09T12:50:17+02:00","message":"bot stats"}
{"level":"info","bot":"orchestrator","state":"SearchMap","time":"2026-06-09T12:50:18+02:00","message":"still searching (clouds)..."}
{"level":"info","bot":"orchestrator","state":"Unknown","time":"2026-06-09T12:50:19+02:00","message":"searching area (wait)..."}
{"level":"info","bot":"orchestrator","time":"2026-06-09T12:50:23+02:00","message":"base found, reading loot..."}
{"level":"info","bot":"orchestrator","gold":22240,"elixir":1173096,"de":11615,"time":"2026-06-09T12:50:23+02:00","message":"loot detected"}
{"level":"info","bot":"orchestrator","time":"2026-06-09T12:50:23+02:00","message":"loot too low, skipping base..."}
{"level":"info","bot":"orchestrator","step":"Next Match","time":"2026-06-09T12:50:23+02:00","message":"pinpoint match, clicking..."}
{"level":"info","time":"2026-06-09T12:50:23+02:00","message":"ADB TAP: (794, 577)"}
{"level":"info","attacks":0,"uptime":"1m10s","avg_ms":150.24271528782933,"time":"2026-06-09T12:50:27+02:00","message":"bot stats"}
{"level":"info","bot":"orchestrator","state":"SearchMap","time":"2026-06-09T12:50:27+02:00","message":"still searching (clouds)..."}
{"level":"info","bot":"orchestrator","time":"2026-06-09T12:50:29+02:00","message":"base found, reading loot..."}
{"level":"info","bot":"orchestrator","gold":1686916,"elixir":1665758,"de":11107,"time":"2026-06-09T12:50:30+02:00","message":"loot detected"}
{"level":"info","bot":"orchestrator","time":"2026-06-09T12:50:30+02:00","message":"loot requirements met, starting attack!"}
{"level":"info","bot":"orchestrator","strategy":"Auto EDrag Rush","phases":5,"time":"2026-06-09T12:50:30+02:00","message":"executing dynamic attack plan"}
{"level":"info","component":"attack_executor","bar_y":630,"time":"2026-06-09T12:50:31+02:00","message":"using ULTIMATE PRECISION config"}
{"level":"info","component":"attack_executor","edge":"TopLeft","time":"2026-06-09T12:50:31+02:00","message":"random edge selected"}
{"level":"info","component":"attack_executor","slots":11,"time":"2026-06-09T12:50:31+02:00","message":"using 100% precise manual slot mapping"}
{"level":"info","component":"attack_executor","active_xs":[62,134,212,287,360,433,511,584,657,730,798],"time":"2026-06-09T12:50:31+02:00","message":"detected active slots in bar"}
{"level":"info","component":"attack_executor","x":62,"category":"Troop","time":"2026-06-09T12:50:33+02:00","message":"classified slot"}
{"level":"info","component":"attack_executor","x":134,"category":"Troop","time":"2026-06-09T12:50:33+02:00","message":"classified slot"}
{"level":"info","component":"attack_executor","x":212,"category":"Siege","time":"2026-06-09T12:50:33+02:00","message":"classified slot"}
{"level":"info","component":"attack_executor","x":287,"category":"Hero","time":"2026-06-09T12:50:33+02:00","message":"classified slot"}
{"level":"info","component":"attack_executor","x":360,"category":"Hero","time":"2026-06-09T12:50:33+02:00","message":"classified slot"}
{"level":"info","component":"attack_executor","x":433,"category":"Hero","time":"2026-06-09T12:50:33+02:00","message":"classified slot"}
{"level":"info","component":"attack_executor","x":511,"category":"Hero","time":"2026-06-09T12:50:33+02:00","message":"classified slot"}
{"level":"info","component":"attack_executor","x":584,"category":"Spell","time":"2026-06-09T12:50:33+02:00","message":"classified slot"}
{"level":"info","component":"attack_executor","x":657,"category":"Spell","time":"2026-06-09T12:50:33+02:00","message":"classified slot"}
{"level":"info","component":"attack_executor","x":730,"category":"Spell","time":"2026-06-09T12:50:33+02:00","message":"classified slot"}
{"level":"info","component":"attack_executor","x":798,"category":"Spell","time":"2026-06-09T12:50:33+02:00","message":"classified slot"}
{"level":"info","component":"attack_executor","x":798,"time":"2026-06-09T12:50:33+02:00","message":"classified last slot as CC"}
{"level":"info","component":"attack_executor","time":"2026-06-09T12:50:33+02:00","message":"saved visual diagnostics to attack_deploy_debug.png"}
{"level":"info","component":"attack_executor","labels":11,"time":"2026-06-09T12:50:33+02:00","message":"loading 100% precise manual troop labels"}
{"level":"info","component":"attack_executor","phase":"Balloons","time":"2026-06-09T12:50:33+02:00","message":"attack phase"}
{"level":"info","component":"attack_executor","unit":"Balloon","ability":false,"x":134,"y":681,"conf":1,"time":"2026-06-09T12:50:33+02:00","message":"selecting unit"}
{"level":"info","time":"2026-06-09T12:50:33+02:00","message":"ADB TAP: (135, 682)"}
{"level":"info","component":"attack_executor","unit":"Balloon","time":"2026-06-09T12:50:33+02:00","message":"deploying troop line batch"}
{"level":"info","component":"attack_executor","unit":"Balloon","time":"2026-06-09T12:50:34+02:00","message":"troop slot not empty yet, selecting again and deploying next batch..."}
{"level":"info","time":"2026-06-09T12:50:34+02:00","message":"ADB TAP: (134, 683)"}
{"level":"info","component":"attack_executor","unit":"Balloon","time":"2026-06-09T12:50:34+02:00","message":"deploying troop line batch"}
{"level":"info","component":"attack_executor","unit":"Balloon","time":"2026-06-09T12:50:34+02:00","message":"troop slot not empty yet, selecting again and deploying next batch..."}
{"level":"info","time":"2026-06-09T12:50:34+02:00","message":"ADB TAP: (132, 685)"}
{"level":"info","component":"attack_executor","unit":"Balloon","time":"2026-06-09T12:50:35+02:00","message":"deploying troop line batch"}
{"level":"info","component":"attack_executor","unit":"Balloon","time":"2026-06-09T12:50:35+02:00","message":"troop slot not empty yet, selecting again and deploying next batch..."}
{"level":"info","time":"2026-06-09T12:50:35+02:00","message":"ADB TAP: (134, 683)"}
{"level":"info","component":"attack_executor","unit":"Balloon","ability":false,"x":134,"y":681,"conf":1,"time":"2026-06-09T12:50:36+02:00","message":"selecting unit"}
{"level":"info","time":"2026-06-09T12:50:36+02:00","message":"ADB TAP: (133, 683)"}
{"level":"info","component":"attack_executor","unit":"Balloon","time":"2026-06-09T12:50:36+02:00","message":"deploying troop line batch"}
{"level":"info","component":"attack_executor","unit":"Balloon","time":"2026-06-09T12:50:36+02:00","message":"troop slot not empty yet, selecting again and deploying next batch..."}
{"level":"info","time":"2026-06-09T12:50:36+02:00","message":"ADB TAP: (134, 683)"}
{"level":"info","component":"attack_executor","unit":"Balloon","time":"2026-06-09T12:50:37+02:00","message":"deploying troop line batch"}
{"level":"info","attacks":0,"uptime":"1m20s","avg_ms":207.87666083516237,"time":"2026-06-09T12:50:37+02:00","message":"bot stats"}
{"level":"info","component":"attack_executor","unit":"Balloon","time":"2026-06-09T12:50:37+02:00","message":"troop slot empty, finished deploying"}
{"level":"info","component":"attack_executor","phase":"Electro Dragons","time":"2026-06-09T12:50:37+02:00","message":"attack phase"}
{"level":"info","component":"attack_executor","unit":"Electro Dragon","ability":false,"x":62,"y":681,"conf":1,"time":"2026-06-09T12:50:37+02:00","message":"selecting unit"}
{"level":"info","time":"2026-06-09T12:50:37+02:00","message":"ADB TAP: (62, 679)"}
{"level":"info","component":"attack_executor","unit":"Electro Dragon","time":"2026-06-09T12:50:38+02:00","message":"deploying troop line batch"}
{"level":"info","component":"attack_executor","unit":"Electro Dragon","time":"2026-06-09T12:50:38+02:00","message":"troop slot not empty yet, selecting again and deploying next batch..."}
{"level":"info","time":"2026-06-09T12:50:38+02:00","message":"ADB TAP: (64, 681)"}
{"level":"info","component":"attack_executor","unit":"Electro Dragon","time":"2026-06-09T12:50:38+02:00","message":"deploying troop line batch"}
{"level":"info","component":"attack_executor","unit":"Electro Dragon","time":"2026-06-09T12:50:39+02:00","message":"troop slot not empty yet, selecting again and deploying next batch..."}
{"level":"info","time":"2026-06-09T12:50:39+02:00","message":"ADB TAP: (60, 680)"}
{"level":"info","component":"attack_executor","unit":"Electro Dragon","time":"2026-06-09T12:50:39+02:00","message":"deploying troop line batch"}
{"level":"info","component":"attack_executor","unit":"Electro Dragon","time":"2026-06-09T12:50:39+02:00","message":"troop slot not empty yet, selecting again and deploying next batch..."}
{"level":"info","time":"2026-06-09T12:50:39+02:00","message":"ADB TAP: (59, 678)"}
{"level":"info","component":"attack_executor","unit":"Electro Dragon","ability":false,"x":62,"y":681,"conf":1,"time":"2026-06-09T12:50:40+02:00","message":"selecting unit"}
{"level":"info","time":"2026-06-09T12:50:40+02:00","message":"ADB TAP: (63, 685)"}
{"level":"info","component":"attack_executor","unit":"Electro Dragon","time":"2026-06-09T12:50:40+02:00","message":"deploying troop line batch"}
{"level":"info","component":"attack_executor","unit":"Electro Dragon","time":"2026-06-09T12:50:41+02:00","message":"troop slot empty, finished deploying"}
{"level":"info","component":"attack_executor","phase":"Siege Machine","time":"2026-06-09T12:50:41+02:00","message":"attack phase"}
{"level":"info","component":"attack_executor","unit":"Stone Slammer","ability":false,"x":218,"y":706,"conf":0.9591107964515686,"time":"2026-06-09T12:50:41+02:00","message":"selecting unit"}
{"level":"info","time":"2026-06-09T12:50:41+02:00","message":"ADB TAP: (217, 705)"}
{"level":"info","component":"attack_executor","unit":"Stone Slammer","x":212,"y":184,"time":"2026-06-09T12:50:41+02:00","message":"deploying hero/siege point"}
{"level":"info","time":"2026-06-09T12:50:41+02:00","message":"ADB TAP: (208, 177)"}
{"level":"info","component":"attack_executor","phase":"Heroes","time":"2026-06-09T12:50:41+02:00","message":"attack phase"}
{"level":"info","component":"attack_executor","unit":"Archer Queen","category":"Hero","pos":{"X":360,"Y":682},"time":"2026-06-09T12:50:42+02:00","message":"layout parser fallback mapping"}
{"level":"info","component":"attack_executor","unit":"Barbarian King","ability":false,"x":287,"y":681,"conf":1,"time":"2026-06-09T12:50:42+02:00","message":"selecting unit"}
{"level":"info","time":"2026-06-09T12:50:42+02:00","message":"ADB TAP: (286, 680)"}
{"level":"info","component":"attack_executor","unit":"Barbarian King","x":212,"y":184,"time":"2026-06-09T12:50:43+02:00","message":"deploying hero/siege point"}
{"level":"info","time":"2026-06-09T12:50:43+02:00","message":"ADB TAP: (231, 184)"}
{"level":"info","component":"attack_executor","unit":"Archer Queen","ability":false,"x":360,"y":682,"conf":1,"time":"2026-06-09T12:50:43+02:00","message":"selecting unit"}
{"level":"info","time":"2026-06-09T12:50:43+02:00","message":"ADB TAP: (359, 683)"}
{"level":"info","component":"attack_executor","unit":"Archer Queen","x":212,"y":184,"time":"2026-06-09T12:50:43+02:00","message":"deploying hero/siege point"}
{"level":"info","time":"2026-06-09T12:50:43+02:00","message":"ADB TAP: (229, 186)"}
{"level":"info","component":"attack_executor","unit":"Grand Warden","ability":false,"x":433,"y":681,"conf":1,"time":"2026-06-09T12:50:43+02:00","message":"selecting unit"}
{"level":"info","time":"2026-06-09T12:50:43+02:00","message":"ADB TAP: (433, 682)"}
{"level":"info","component":"attack_executor","unit":"Grand Warden","x":212,"y":184,"time":"2026-06-09T12:50:43+02:00","message":"deploying hero/siege point"}
{"level":"info","time":"2026-06-09T12:50:43+02:00","message":"ADB TAP: (216, 199)"}
{"level":"info","component":"attack_executor","unit":"Minion Prince","ability":false,"x":360,"y":681,"conf":1,"time":"2026-06-09T12:50:43+02:00","message":"selecting unit"}
{"level":"info","time":"2026-06-09T12:50:43+02:00","message":"ADB TAP: (359, 679)"}
{"level":"info","component":"attack_executor","unit":"Minion Prince","x":212,"y":184,"time":"2026-06-09T12:50:43+02:00","message":"deploying hero/siege point"}
{"level":"info","time":"2026-06-09T12:50:43+02:00","message":"ADB TAP: (214, 184)"}
{"level":"info","component":"attack_executor","unit":"Dragon Duke","ability":false,"x":498,"y":685,"conf":0.9140827059745789,"time":"2026-06-09T12:50:44+02:00","message":"selecting unit"}
{"level":"info","time":"2026-06-09T12:50:44+02:00","message":"ADB TAP: (496, 687)"}
{"level":"info","component":"attack_executor","target":"TopLeft","duke_edge":"BottomLeft","time":"2026-06-09T12:50:44+02:00","message":"Dragon Duke adjacent placement"}
{"level":"info","component":"attack_executor","unit":"Dragon Duke","x":212,"y":498,"time":"2026-06-09T12:50:44+02:00","message":"deploying hero/siege point"}
{"level":"info","time":"2026-06-09T12:50:44+02:00","message":"ADB TAP: (221, 485)"}
{"level":"info","component":"attack_executor","phase":"Spells","time":"2026-06-09T12:50:44+02:00","message":"attack phase"}
{"level":"info","component":"attack_executor","unit":"Rage Spell","ability":false,"x":584,"y":681,"conf":1,"time":"2026-06-09T12:50:44+02:00","message":"selecting unit"}
{"level":"info","time":"2026-06-09T12:50:44+02:00","message":"ADB TAP: (583, 681)"}
{"level":"info","component":"attack_executor","unit":"Rage Spell","time":"2026-06-09T12:50:44+02:00","message":"deploying spell lines batch (Rage)"}
{"level":"info","time":"2026-06-09T12:50:44+02:00","message":"ADB TAP: (191, 283)"}
{"level":"info","time":"2026-06-09T12:50:44+02:00","message":"ADB TAP: (291, 229)"}
{"level":"info","time":"2026-06-09T12:50:44+02:00","message":"ADB TAP: (378, 162)"}
{"level":"info","component":"attack_executor","unit":"Rage Spell","time":"2026-06-09T12:50:45+02:00","message":"spell slot not empty yet, selecting again and deploying next batch..."}
{"level":"info","time":"2026-06-09T12:50:45+02:00","message":"ADB TAP: (584, 678)"}
{"level":"info","component":"attack_executor","unit":"Rage Spell","time":"2026-06-09T12:50:45+02:00","message":"deploying spell lines batch (Rage)"}
{"level":"info","time":"2026-06-09T12:50:45+02:00","message":"ADB TAP: (263, 323)"}
{"level":"info","time":"2026-06-09T12:50:45+02:00","message":"ADB TAP: (341, 284)"}
{"level":"info","time":"2026-06-09T12:50:45+02:00","message":"ADB TAP: (423, 224)"}
{"level":"info","component":"attack_executor","unit":"Rage Spell","time":"2026-06-09T12:50:45+02:00","message":"spell slot empty, finished deploying"}
{"level":"info","component":"attack_executor","unit":"Ice Spell","ability":false,"x":657,"y":681,"conf":1,"time":"2026-06-09T12:50:45+02:00","message":"selecting unit"}
{"level":"info","time":"2026-06-09T12:50:45+02:00","message":"ADB TAP: (657, 681)"}
{"level":"info","component":"attack_executor","unit":"Ice Spell","time":"2026-06-09T12:50:46+02:00","message":"deploying spell line batch"}
{"level":"info","time":"2026-06-09T12:50:46+02:00","message":"ADB TAP: (244, 330)"}
{"level":"info","time":"2026-06-09T12:50:46+02:00","message":"ADB TAP: (341, 280)"}
{"level":"info","time":"2026-06-09T12:50:46+02:00","message":"ADB TAP: (427, 221)"}
{"level":"info","component":"attack_executor","unit":"Ice Spell","time":"2026-06-09T12:50:46+02:00","message":"spell slot empty, finished deploying"}
{"level":"info","component":"attack_executor","time":"2026-06-09T12:50:46+02:00","message":"activating hero abilities right after spells..."}
{"level":"info","component":"attack_executor","x":287,"y":681,"time":"2026-06-09T12:50:46+02:00","message":"retapping hero icon once for ability/equipment"}
{"level":"info","time":"2026-06-09T12:50:46+02:00","message":"ADB TAP: (288, 680)"}
{"level":"info","component":"attack_executor","x":360,"y":682,"time":"2026-06-09T12:50:46+02:00","message":"retapping hero icon once for ability/equipment"}
{"level":"info","time":"2026-06-09T12:50:46+02:00","message":"ADB TAP: (360, 680)"}
{"level":"info","component":"attack_executor","x":433,"y":681,"time":"2026-06-09T12:50:46+02:00","message":"retapping hero icon once for ability/equipment"}
{"level":"info","time":"2026-06-09T12:50:46+02:00","message":"ADB TAP: (433, 681)"}
{"level":"info","component":"attack_executor","x":360,"y":681,"time":"2026-06-09T12:50:47+02:00","message":"retapping hero icon once for ability/equipment"}
{"level":"info","time":"2026-06-09T12:50:47+02:00","message":"ADB TAP: (360, 680)"}
{"level":"info","component":"attack_executor","x":498,"y":685,"time":"2026-06-09T12:50:47+02:00","message":"retapping hero icon once for ability/equipment"}
{"level":"info","time":"2026-06-09T12:50:47+02:00","message":"ADB TAP: (498, 688)"}
{"level":"info","component":"attack_executor","time":"2026-06-09T12:50:47+02:00","message":"starting sweep of remaining/event slots..."}
{"level":"info","component":"attack_executor","x":715,"y":681,"time":"2026-06-09T12:50:47+02:00","message":"found undeployed/event troop slot during sweep, deploying..."}
{"level":"info","time":"2026-06-09T12:50:47+02:00","message":"ADB TAP: (715, 682)"}
{"level":"info","attacks":0,"uptime":"1m30s","avg_ms":228.57843379862962,"time":"2026-06-09T12:50:47+02:00","message":"bot stats"}
{"level":"info","time":"2026-06-09T12:50:48+02:00","message":"ADB TAP: (715, 680)"}
{"level":"info","time":"2026-06-09T12:50:48+02:00","message":"ADB TAP: (712, 681)"}
{"level":"info","component":"attack_executor","x":790,"y":681,"time":"2026-06-09T12:50:49+02:00","message":"found undeployed/event troop slot during sweep, deploying..."}
{"level":"info","time":"2026-06-09T12:50:49+02:00","message":"ADB TAP: (792, 682)"}
{"level":"info","time":"2026-06-09T12:50:49+02:00","message":"ADB TAP: (791, 680)"}
{"level":"info","time":"2026-06-09T12:50:50+02:00","message":"ADB TAP: (790, 682)"}
{"level":"info","component":"attack_executor","time":"2026-06-09T12:50:50+02:00","message":"verifying deployment success..."}
{"level":"info","component":"attack_executor","slots":11,"time":"2026-06-09T12:50:51+02:00","message":"using 100% precise manual slot mapping"}
{"level":"info","component":"attack_executor","active_xs":[212,287,433,511,730,798],"time":"2026-06-09T12:50:51+02:00","message":"detected active slots in bar"}
{"level":"info","component":"attack_executor","x":212,"category":"Siege","time":"2026-06-09T12:50:52+02:00","message":"classified slot"}
{"level":"info","component":"attack_executor","x":287,"category":"Troop","time":"2026-06-09T12:50:52+02:00","message":"classified slot"}
{"level":"info","component":"attack_executor","x":433,"category":"Siege","time":"2026-06-09T12:50:52+02:00","message":"classified slot"}
{"level":"info","component":"attack_executor","x":511,"category":"Hero","time":"2026-06-09T12:50:52+02:00","message":"classified slot"}
{"level":"info","component":"attack_executor","x":730,"category":"Spell","time":"2026-06-09T12:50:52+02:00","message":"classified slot"}
{"level":"info","component":"attack_executor","x":798,"category":"Spell","time":"2026-06-09T12:50:52+02:00","message":"classified slot"}
{"level":"info","component":"attack_executor","x":798,"time":"2026-06-09T12:50:52+02:00","message":"classified last slot as CC"}
{"level":"warn","component":"attack_executor","attempt":1,"remaining_slots":3,"time":"2026-06-09T12:50:52+02:00","message":"detected undeployed units, retrying..."}
{"level":"info","component":"attack_executor","x":730,"category":"Spell","time":"2026-06-09T12:50:52+02:00","message":"re-deploying remaining slot"}
{"level":"info","time":"2026-06-09T12:50:52+02:00","message":"ADB TAP: (728, 682)"}
{"level":"info","time":"2026-06-09T12:50:53+02:00","message":"ADB TAP: (730, 680)"}
{"level":"info","time":"2026-06-09T12:50:53+02:00","message":"ADB TAP: (730, 681)"}
{"level":"info","component":"attack_executor","x":798,"category":"CC","time":"2026-06-09T12:50:54+02:00","message":"re-deploying remaining slot"}
{"level":"info","time":"2026-06-09T12:50:54+02:00","message":"ADB TAP: (798, 680)"}
{"level":"info","component":"attack_executor","slots":11,"time":"2026-06-09T12:50:55+02:00","message":"using 100% precise manual slot mapping"}
{"level":"info","component":"attack_executor","active_xs":[212,287,433,511,730],"time":"2026-06-09T12:50:55+02:00","message":"detected active slots in bar"}
{"level":"info","component":"attack_executor","x":212,"category":"Troop","time":"2026-06-09T12:50:56+02:00","message":"classified slot"}
{"level":"info","component":"attack_executor","x":287,"category":"Troop","time":"2026-06-09T12:50:56+02:00","message":"classified slot"}
{"level":"info","component":"attack_executor","x":433,"category":"Siege","time":"2026-06-09T12:50:56+02:00","message":"classified slot"}
{"level":"info","component":"attack_executor","x":511,"category":"Hero","time":"2026-06-09T12:50:56+02:00","message":"classified slot"}
{"level":"info","component":"attack_executor","x":730,"category":"Spell","time":"2026-06-09T12:50:56+02:00","message":"classified slot"}
{"level":"warn","component":"attack_executor","attempt":2,"remaining_slots":2,"time":"2026-06-09T12:50:56+02:00","message":"detected undeployed units, retrying..."}
{"level":"info","component":"attack_executor","x":730,"category":"Spell","time":"2026-06-09T12:50:56+02:00","message":"re-deploying remaining slot"}
{"level":"info","time":"2026-06-09T12:50:56+02:00","message":"ADB TAP: (730, 683)"}
{"level":"info","time":"2026-06-09T12:50:57+02:00","message":"ADB TAP: (728, 682)"}
{"level":"info","attacks":0,"uptime":"1m40s","avg_ms":226.45559820789128,"time":"2026-06-09T12:50:57+02:00","message":"bot stats"}
{"level":"info","time":"2026-06-09T12:50:57+02:00","message":"ADB TAP: (732, 687)"}
{"level":"info","bot":"orchestrator","file":"diag_20260609_125058.png","time":"2026-06-09T12:50:58+02:00","message":"saved diagnostic screenshot"}
{"level":"info","bot":"orchestrator","file":"diag_20260609_125058.json","time":"2026-06-09T12:50:58+02:00","message":"saved diagnostic data"}
{"level":"info","bot":"orchestrator","time":"2026-06-09T12:50:58+02:00","message":"battle deployment complete, waiting for battle to end naturally..."}
{"level":"info","attacks":0,"uptime":"1m50s","avg_ms":237.69176827503128,"time":"2026-06-09T12:51:07+02:00","message":"bot stats"}
{"level":"info","attacks":0,"uptime":"2m0s","avg_ms":225.3122335438198,"time":"2026-06-09T12:51:17+02:00","message":"bot stats"}
{"level":"info","attacks":0,"uptime":"2m10s","avg_ms":219.94766325603905,"time":"2026-06-09T12:51:27+02:00","message":"bot stats"}
{"level":"info","attacks":0,"uptime":"2m20s","avg_ms":286.6945427704928,"time":"2026-06-09T12:51:37+02:00","message":"bot stats"}
{"level":"info","attacks":0,"uptime":"2m30s","avg_ms":269.79512355543346,"time":"2026-06-09T12:51:47+02:00","message":"bot stats"}
{"level":"info","attacks":0,"uptime":"2m40s","avg_ms":353.5744635625334,"time":"2026-06-09T12:51:57+02:00","message":"bot stats"}
{"level":"info","attacks":0,"uptime":"2m50s","avg_ms":242.2848670297614,"time":"2026-06-09T12:52:07+02:00","message":"bot stats"}
{"level":"info","attacks":0,"uptime":"3m0s","avg_ms":245.4117326131537,"time":"2026-06-09T12:52:17+02:00","message":"bot stats"}
{"level":"info","attacks":0,"uptime":"3m10s","avg_ms":214.91143475972376,"time":"2026-06-09T12:52:27+02:00","message":"bot stats"}
{"level":"info","attacks":0,"uptime":"3m20s","avg_ms":218.77106915382265,"time":"2026-06-09T12:52:37+02:00","message":"bot stats"}
{"level":"info","attacks":0,"uptime":"3m30s","avg_ms":219.87013933855326,"time":"2026-06-09T12:52:47+02:00","message":"bot stats"}
{"level":"info","attacks":0,"uptime":"3m40s","avg_ms":318.8256447226756,"time":"2026-06-09T12:52:57+02:00","message":"bot stats"}
{"level":"info","attacks":0,"uptime":"3m50s","avg_ms":226.70046801743294,"time":"2026-06-09T12:53:07+02:00","message":"bot stats"}
{"level":"info","attacks":0,"uptime":"4m0s","avg_ms":212.40582885878374,"time":"2026-06-09T12:53:17+02:00","message":"bot stats"}
{"level":"info","attacks":0,"uptime":"4m10s","avg_ms":253.6504210017753,"time":"2026-06-09T12:53:27+02:00","message":"bot stats"}
{"level":"info","attacks":0,"uptime":"4m20s","avg_ms":307.3169695608493,"time":"2026-06-09T12:53:37+02:00","message":"bot stats"}
{"level":"info","bot":"orchestrator","time":"2026-06-09T12:53:39+02:00","message":"saved battle result screenshot to last_battle_result.png"}
{"level":"info","bot":"orchestrator","component":"loot_recognizer","time":"2026-06-09T12:53:39+02:00","message":"Loaded custom battle loot ROIs from assets/battle_loot_rois.json"}
{"level":"info","bot":"orchestrator","component":"loot_recognizer","time":"2026-06-09T12:53:39+02:00","message":"Loaded custom star points from assets/star_points.json"}
{"level":"info","bot":"orchestrator","stars":2,"gold":1023460,"bonus_gold":305300,"time":"2026-06-09T12:53:39+02:00","message":"battle result processed"}
{"level":"info","time":"2026-06-09T12:53:39+02:00","message":"ADB TAP: (435, 557)"}
{"level":"info","attacks":1,"uptime":"4m30s","avg_ms":205.9495628596452,"time":"2026-06-09T12:53:47+02:00","message":"bot stats"}
{"level":"info","bot":"orchestrator","attacks":1,"stars":"3⭐:0 | 2⭐:1 | 1⭐:0 | 0⭐:0","loot":"Gold: 1328760 | Elixir: 1276339 | DE: 6578","uptime":276696.654375,"time":"2026-06-09T12:53:54+02:00","message":"=== SESSION SUMMARY ==="}
{"level":"info","bot":"orchestrator","time":"2026-06-09T12:53:54+02:00","message":"attack button detected, starting sequence"}
{"level":"info","bot":"orchestrator","step":"Attack","time":"2026-06-09T12:53:54+02:00","message":"pinpoint match, clicking..."}
{"level":"info","time":"2026-06-09T12:53:54+02:00","message":"ADB TAP: (64, 666)"}
{"level":"info","bot":"orchestrator","step":"Find Match","time":"2026-06-09T12:53:57+02:00","message":"pinpoint match, clicking..."}
{"level":"info","time":"2026-06-09T12:53:57+02:00","message":"ADB TAP: (158, 494)"}
{"level":"info","attacks":1,"uptime":"4m40s","avg_ms":142.23059294514562,"time":"2026-06-09T12:53:57+02:00","message":"bot stats"}
{"level":"info","bot":"orchestrator","step":"Army Arrow","time":"2026-06-09T12:53:59+02:00","message":"pinpoint match, clicking..."}
{"level":"info","time":"2026-06-09T12:53:59+02:00","message":"ADB TAP: (514, 192)"}
{"level":"info","bot":"orchestrator","step":"Army 1","time":"2026-06-09T12:54:02+02:00","message":"pinpoint match, clicking..."}
{"level":"info","time":"2026-06-09T12:54:02+02:00","message":"ADB TAP: (513, 230)"}
{"level":"info","bot":"orchestrator","step":"Battle","time":"2026-06-09T12:54:04+02:00","message":"pinpoint match, clicking..."}
{"level":"info","time":"2026-06-09T12:54:04+02:00","message":"ADB TAP: (731, 537)"}
{"level":"info","bot":"orchestrator","time":"2026-06-09T12:54:05+02:00","message":"waiting for battle state (searching)..."}
{"level":"info","bot":"orchestrator","time":"2026-06-09T12:54:05+02:00","message":"in clouds/loading..."}
{"level":"info","attacks":1,"uptime":"4m50s","avg_ms":187.68864672236367,"time":"2026-06-09T12:54:07+02:00","message":"bot stats"}
{"level":"info","bot":"orchestrator","time":"2026-06-09T12:54:07+02:00","message":"battle state detected, entering search loop"}
{"level":"info","bot":"orchestrator","time":"2026-06-09T12:54:07+02:00","message":"waiting for base to be found..."}
{"level":"info","bot":"orchestrator","time":"2026-06-09T12:54:10+02:00","message":"base found, reading loot..."}
{"level":"info","bot":"orchestrator","gold":510262,"elixir":625422,"de":5175,"time":"2026-06-09T12:54:10+02:00","message":"loot detected"}
{"level":"info","bot":"orchestrator","time":"2026-06-09T12:54:10+02:00","message":"loot too low, skipping base..."}
{"level":"info","bot":"orchestrator","step":"Next Match","time":"2026-06-09T12:54:10+02:00","message":"pinpoint match, clicking..."}
{"level":"info","time":"2026-06-09T12:54:10+02:00","message":"ADB TAP: (794, 577)"}
{"level":"info","bot":"orchestrator","state":"SearchMap","time":"2026-06-09T12:54:15+02:00","message":"still searching (clouds)..."}
{"level":"info","attacks":1,"uptime":"5m0s","avg_ms":188.8703679295173,"time":"2026-06-09T12:54:17+02:00","message":"bot stats"}
{"level":"info","bot":"orchestrator","time":"2026-06-09T12:54:17+02:00","message":"base found, reading loot..."}
{"level":"info","bot":"orchestrator","gold":24153,"elixir":39883,"de":8439,"time":"2026-06-09T12:54:17+02:00","message":"loot detected"}
{"level":"info","bot":"orchestrator","time":"2026-06-09T12:54:17+02:00","message":"loot too low, skipping base..."}
{"level":"info","bot":"orchestrator","step":"Next Match","time":"2026-06-09T12:54:17+02:00","message":"pinpoint match, clicking..."}
{"level":"info","time":"2026-06-09T12:54:17+02:00","message":"ADB TAP: (794, 577)"}
{"level":"info","bot":"orchestrator","state":"SearchMap","time":"2026-06-09T12:54:22+02:00","message":"still searching (clouds)..."}
{"level":"info","bot":"orchestrator","time":"2026-06-09T12:54:24+02:00","message":"base found, reading loot..."}
{"level":"info","bot":"orchestrator","gold":488126,"elixir":602978,"de":8555,"time":"2026-06-09T12:54:24+02:00","message":"loot detected"}
{"level":"info","bot":"orchestrator","time":"2026-06-09T12:54:24+02:00","message":"loot too low, skipping base..."}
{"level":"info","bot":"orchestrator","step":"Next Match","time":"2026-06-09T12:54:24+02:00","message":"pinpoint match, clicking..."}
{"level":"info","time":"2026-06-09T12:54:24+02:00","message":"ADB TAP: (794, 577)"}
{"level":"info","attacks":1,"uptime":"5m10s","avg_ms":155.61909708780394,"time":"2026-06-09T12:54:27+02:00","message":"bot stats"}
{"level":"info","bot":"orchestrator","state":"SearchMap","time":"2026-06-09T12:54:29+02:00","message":"still searching (clouds)..."}
{"level":"info","bot":"orchestrator","time":"2026-06-09T12:54:31+02:00","message":"base found, reading loot..."}
{"level":"info","bot":"orchestrator","gold":124663,"elixir":168143,"de":1116,"time":"2026-06-09T12:54:31+02:00","message":"loot detected"}
{"level":"info","bot":"orchestrator","time":"2026-06-09T12:54:31+02:00","message":"loot too low, skipping base..."}
{"level":"info","bot":"orchestrator","step":"Next Match","time":"2026-06-09T12:54:31+02:00","message":"pinpoint match, clicking..."}
{"level":"info","time":"2026-06-09T12:54:31+02:00","message":"ADB TAP: (794, 577)"}
{"level":"info","bot":"orchestrator","state":"SearchMap","time":"2026-06-09T12:54:36+02:00","message":"still searching (clouds)..."}
{"level":"info","attacks":1,"uptime":"5m20s","avg_ms":162.23887064294811,"time":"2026-06-09T12:54:37+02:00","message":"bot stats"}
{"level":"info","bot":"orchestrator","time":"2026-06-09T12:54:38+02:00","message":"base found, reading loot..."}
{"level":"info","bot":"orchestrator","gold":689266,"elixir":756094,"de":4313,"time":"2026-06-09T12:54:38+02:00","message":"loot detected"}
{"level":"info","bot":"orchestrator","time":"2026-06-09T12:54:38+02:00","message":"loot too low, skipping base..."}
{"level":"info","bot":"orchestrator","step":"Next Match","time":"2026-06-09T12:54:38+02:00","message":"pinpoint match, clicking..."}
{"level":"info","time":"2026-06-09T12:54:38+02:00","message":"ADB TAP: (794, 577)"}
{"level":"info","bot":"orchestrator","state":"SearchMap","time":"2026-06-09T12:54:43+02:00","message":"still searching (clouds)..."}
{"level":"info","bot":"orchestrator","time":"2026-06-09T12:54:45+02:00","message":"base found, reading loot..."}
{"level":"info","bot":"orchestrator","gold":658621,"elixir":755407,"de":9731,"time":"2026-06-09T12:54:45+02:00","message":"loot detected"}
{"level":"info","bot":"orchestrator","time":"2026-06-09T12:54:45+02:00","message":"loot too low, skipping base..."}
{"level":"info","bot":"orchestrator","step":"Next Match","time":"2026-06-09T12:54:45+02:00","message":"pinpoint match, clicking..."}
{"level":"info","time":"2026-06-09T12:54:45+02:00","message":"ADB TAP: (794, 577)"}
{"level":"info","attacks":1,"uptime":"5m30s","avg_ms":223.97516837017488,"time":"2026-06-09T12:54:47+02:00","message":"bot stats"}
{"level":"info","bot":"orchestrator","state":"SearchMap","time":"2026-06-09T12:54:50+02:00","message":"still searching (clouds)..."}
{"level":"info","bot":"orchestrator","time":"2026-06-09T12:54:52+02:00","message":"base found, reading loot..."}
{"level":"info","bot":"orchestrator","gold":630652,"elixir":510018,"de":2428,"time":"2026-06-09T12:54:53+02:00","message":"loot detected"}
{"level":"info","bot":"orchestrator","time":"2026-06-09T12:54:53+02:00","message":"loot too low, skipping base..."}
{"level":"info","bot":"orchestrator","step":"Next Match","time":"2026-06-09T12:54:53+02:00","message":"pinpoint match, clicking..."}
{"level":"info","time":"2026-06-09T12:54:53+02:00","message":"ADB TAP: (794, 577)"}
{"level":"info","attacks":1,"uptime":"5m40s","avg_ms":171.66241958786415,"time":"2026-06-09T12:54:57+02:00","message":"bot stats"}
{"level":"info","bot":"orchestrator","state":"SearchMap","time":"2026-06-09T12:54:57+02:00","message":"still searching (clouds)..."}
{"level":"info","bot":"orchestrator","time":"2026-06-09T12:54:59+02:00","message":"base found, reading loot..."}
{"level":"info","bot":"orchestrator","gold":568664,"elixir":443662,"de":5313,"time":"2026-06-09T12:55:00+02:00","message":"loot detected"}
{"level":"info","bot":"orchestrator","time":"2026-06-09T12:55:00+02:00","message":"loot too low, skipping base..."}
{"level":"info","bot":"orchestrator","step":"Next Match","time":"2026-06-09T12:55:00+02:00","message":"pinpoint match, clicking..."}
{"level":"info","time":"2026-06-09T12:55:00+02:00","message":"ADB TAP: (794, 577)"}
{"level":"info","bot":"orchestrator","state":"SearchMap","time":"2026-06-09T12:55:04+02:00","message":"still searching (clouds)..."}
{"level":"info","attacks":1,"uptime":"5m50s","avg_ms":305.006369985293,"time":"2026-06-09T12:55:07+02:00","message":"bot stats"}
{"level":"info","bot":"orchestrator","time":"2026-06-09T12:55:07+02:00","message":"base found, reading loot..."}
{"level":"info","bot":"orchestrator","gold":587971,"elixir":1751282,"de":10295,"time":"2026-06-09T12:55:07+02:00","message":"loot detected"}
{"level":"info","bot":"orchestrator","time":"2026-06-09T12:55:07+02:00","message":"loot too low, skipping base..."}
{"level":"info","bot":"orchestrator","step":"Next Match","time":"2026-06-09T12:55:07+02:00","message":"pinpoint match, clicking..."}
{"level":"info","time":"2026-06-09T12:55:07+02:00","message":"ADB TAP: (794, 577)"}
{"level":"info","bot":"orchestrator","state":"SearchMap","time":"2026-06-09T12:55:12+02:00","message":"still searching (clouds)..."}
{"level":"info","bot":"orchestrator","time":"2026-06-09T12:55:14+02:00","message":"base found, reading loot..."}
{"level":"info","bot":"orchestrator","gold":54308,"elixir":763800,"de":4559,"time":"2026-06-09T12:55:15+02:00","message":"loot detected"}
{"level":"info","bot":"orchestrator","time":"2026-06-09T12:55:15+02:00","message":"loot too low, skipping base..."}
{"level":"info","bot":"orchestrator","step":"Next Match","time":"2026-06-09T12:55:15+02:00","message":"pinpoint match, clicking..."}
{"level":"info","time":"2026-06-09T12:55:15+02:00","message":"ADB TAP: (794, 577)"}
{"level":"info","attacks":1,"uptime":"6m0s","avg_ms":166.74831400971286,"time":"2026-06-09T12:55:17+02:00","message":"bot stats"}
{"level":"info","bot":"orchestrator","state":"SearchMap","time":"2026-06-09T12:55:19+02:00","message":"still searching (clouds)..."}
{"level":"info","bot":"orchestrator","time":"2026-06-09T12:55:21+02:00","message":"base found, reading loot..."}
{"level":"info","bot":"orchestrator","gold":293160,"elixir":392110,"de":5420,"time":"2026-06-09T12:55:22+02:00","message":"loot detected"}
{"level":"info","bot":"orchestrator","time":"2026-06-09T12:55:22+02:00","message":"loot too low, skipping base..."}
{"level":"info","bot":"orchestrator","step":"Next Match","time":"2026-06-09T12:55:22+02:00","message":"pinpoint match, clicking..."}
{"level":"info","time":"2026-06-09T12:55:22+02:00","message":"ADB TAP: (794, 577)"}
{"level":"info","bot":"orchestrator","state":"SearchMap","time":"2026-06-09T12:55:26+02:00","message":"still searching (clouds)..."}
{"level":"info","attacks":1,"uptime":"6m10s","avg_ms":179.7232829033957,"time":"2026-06-09T12:55:27+02:00","message":"bot stats"}
{"level":"info","bot":"orchestrator","time":"2026-06-09T12:55:28+02:00","message":"base found, reading loot..."}
{"level":"info","bot":"orchestrator","gold":520142,"elixir":462751,"de":4234,"time":"2026-06-09T12:55:29+02:00","message":"loot detected"}
{"level":"info","bot":"orchestrator","time":"2026-06-09T12:55:29+02:00","message":"loot too low, skipping base..."}
{"level":"info","bot":"orchestrator","step":"Next Match","time":"2026-06-09T12:55:29+02:00","message":"pinpoint match, clicking..."}
{"level":"info","time":"2026-06-09T12:55:29+02:00","message":"ADB TAP: (794, 577)"}
{"level":"info","bot":"orchestrator","state":"SearchMap","time":"2026-06-09T12:55:34+02:00","message":"still searching (clouds)..."}
{"level":"info","bot":"orchestrator","time":"2026-06-09T12:55:37+02:00","message":"base found, reading loot..."}
{"level":"info","bot":"orchestrator","gold":524375,"elixir":551953,"de":6780,"time":"2026-06-09T12:55:37+02:00","message":"loot detected"}
{"level":"info","bot":"orchestrator","time":"2026-06-09T12:55:37+02:00","message":"loot too low, skipping base..."}
{"level":"info","bot":"orchestrator","step":"Next Match","time":"2026-06-09T12:55:37+02:00","message":"pinpoint match, clicking..."}
{"level":"info","time":"2026-06-09T12:55:37+02:00","message":"ADB TAP: (794, 577)"}
{"level":"info","attacks":1,"uptime":"6m20s","avg_ms":305.6329723403506,"time":"2026-06-09T12:55:37+02:00","message":"bot stats"}
{"level":"info","bot":"orchestrator","state":"SearchMap","time":"2026-06-09T12:55:42+02:00","message":"still searching (clouds)..."}
{"level":"info","bot":"orchestrator","time":"2026-06-09T12:55:44+02:00","message":"base found, reading loot..."}
{"level":"info","bot":"orchestrator","gold":128702,"elixir":1378240,"de":2823,"time":"2026-06-09T12:55:44+02:00","message":"loot detected"}
{"level":"info","bot":"orchestrator","time":"2026-06-09T12:55:44+02:00","message":"loot too low, skipping base..."}
{"level":"info","bot":"orchestrator","step":"Next Match","time":"2026-06-09T12:55:44+02:00","message":"pinpoint match, clicking..."}
{"level":"info","time":"2026-06-09T12:55:44+02:00","message":"ADB TAP: (794, 577)"}
{"level":"info","attacks":1,"uptime":"6m30s","avg_ms":195.68398931884747,"time":"2026-06-09T12:55:47+02:00","message":"bot stats"}
{"level":"info","bot":"orchestrator","state":"SearchMap","time":"2026-06-09T12:55:49+02:00","message":"still searching (clouds)..."}
{"level":"info","bot":"orchestrator","time":"2026-06-09T12:55:51+02:00","message":"base found, reading loot..."}
{"level":"info","bot":"orchestrator","gold":480141,"elixir":474630,"de":5832,"time":"2026-06-09T12:55:52+02:00","message":"loot detected"}
{"level":"info","bot":"orchestrator","time":"2026-06-09T12:55:52+02:00","message":"loot too low, skipping base..."}
{"level":"info","bot":"orchestrator","step":"Next Match","time":"2026-06-09T12:55:52+02:00","message":"pinpoint match, clicking..."}
{"level":"info","time":"2026-06-09T12:55:52+02:00","message":"ADB TAP: (794, 577)"}
{"level":"info","bot":"orchestrator","state":"SearchMap","time":"2026-06-09T12:55:56+02:00","message":"still searching (clouds)..."}
{"level":"info","attacks":1,"uptime":"6m40s","avg_ms":188.80858458295427,"time":"2026-06-09T12:55:57+02:00","message":"bot stats"}
{"level":"info","bot":"orchestrator","time":"2026-06-09T12:55:58+02:00","message":"base found, reading loot..."}
{"level":"info","bot":"orchestrator","gold":355349,"elixir":385037,"de":3470,"time":"2026-06-09T12:55:59+02:00","message":"loot detected"}
{"level":"info","bot":"orchestrator","time":"2026-06-09T12:55:59+02:00","message":"loot too low, skipping base..."}
{"level":"info","bot":"orchestrator","step":"Next Match","time":"2026-06-09T12:55:59+02:00","message":"pinpoint match, clicking..."}
{"level":"info","time":"2026-06-09T12:55:59+02:00","message":"ADB TAP: (794, 577)"}
{"level":"info","bot":"orchestrator","state":"SearchMap","time":"2026-06-09T12:56:03+02:00","message":"still searching (clouds)..."}
{"level":"info","bot":"orchestrator","time":"2026-06-09T12:56:05+02:00","message":"base found, reading loot..."}
{"level":"info","bot":"orchestrator","gold":545064,"elixir":441934,"de":8042,"time":"2026-06-09T12:56:06+02:00","message":"loot detected"}
{"level":"info","bot":"orchestrator","time":"2026-06-09T12:56:06+02:00","message":"loot too low, skipping base..."}
{"level":"info","bot":"orchestrator","step":"Next Match","time":"2026-06-09T12:56:06+02:00","message":"pinpoint match, clicking..."}
{"level":"info","time":"2026-06-09T12:56:06+02:00","message":"ADB TAP: (794, 577)"}
{"level":"info","attacks":1,"uptime":"6m50s","avg_ms":192.96229529233244,"time":"2026-06-09T12:56:07+02:00","message":"bot stats"}
{"level":"info","bot":"orchestrator","state":"SearchMap","time":"2026-06-09T12:56:10+02:00","message":"still searching (clouds)..."}
{"level":"info","bot":"orchestrator","time":"2026-06-09T12:56:13+02:00","message":"base found, reading loot..."}
{"level":"info","bot":"orchestrator","gold":207015,"elixir":296036,"de":10702,"time":"2026-06-09T12:56:13+02:00","message":"loot detected"}
{"level":"info","bot":"orchestrator","time":"2026-06-09T12:56:13+02:00","message":"loot too low, skipping base..."}
{"level":"info","bot":"orchestrator","step":"Next Match","time":"2026-06-09T12:56:13+02:00","message":"pinpoint match, clicking..."}
{"level":"info","time":"2026-06-09T12:56:13+02:00","message":"ADB TAP: (794, 577)"}
{"level":"info","attacks":1,"uptime":"7m0s","avg_ms":150.46966558997653,"time":"2026-06-09T12:56:17+02:00","message":"bot stats"}
{"level":"info","bot":"orchestrator","state":"SearchMap","time":"2026-06-09T12:56:17+02:00","message":"still searching (clouds)..."}
{"level":"info","bot":"orchestrator","time":"2026-06-09T12:56:20+02:00","message":"base found, reading loot..."}
{"level":"info","bot":"orchestrator","gold":19064,"elixir":853304,"de":10495,"time":"2026-06-09T12:56:20+02:00","message":"loot detected"}
{"level":"info","bot":"orchestrator","time":"2026-06-09T12:56:20+02:00","message":"loot too low, skipping base..."}
{"level":"info","bot":"orchestrator","step":"Next Match","time":"2026-06-09T12:56:20+02:00","message":"pinpoint match, clicking..."}
{"level":"info","time":"2026-06-09T12:56:20+02:00","message":"ADB TAP: (794, 577)"}
{"level":"info","bot":"orchestrator","state":"SearchMap","time":"2026-06-09T12:56:25+02:00","message":"still searching (clouds)..."}
{"level":"info","bot":"orchestrator","time":"2026-06-09T12:56:27+02:00","message":"base found, reading loot..."}
{"level":"info","attacks":1,"uptime":"7m10s","avg_ms":182.40996813464335,"time":"2026-06-09T12:56:27+02:00","message":"bot stats"}
{"level":"info","bot":"orchestrator","gold":14566,"elixir":328831,"de":1483,"time":"2026-06-09T12:56:27+02:00","message":"loot detected"}
{"level":"info","bot":"orchestrator","time":"2026-06-09T12:56:27+02:00","message":"loot too low, skipping base..."}
{"level":"info","bot":"orchestrator","step":"Next Match","time":"2026-06-09T12:56:27+02:00","message":"pinpoint match, clicking..."}
{"level":"info","time":"2026-06-09T12:56:27+02:00","message":"ADB TAP: (794, 577)"}
{"level":"info","bot":"orchestrator","state":"SearchMap","time":"2026-06-09T12:56:32+02:00","message":"still searching (clouds)..."}
{"level":"info","bot":"orchestrator","time":"2026-06-09T12:56:34+02:00","message":"base found, reading loot..."}
{"level":"info","bot":"orchestrator","gold":1196086,"elixir":673543,"de":11474,"time":"2026-06-09T12:56:34+02:00","message":"loot detected"}
{"level":"info","bot":"orchestrator","time":"2026-06-09T12:56:34+02:00","message":"loot too low, skipping base..."}
{"level":"info","bot":"orchestrator","step":"Next Match","time":"2026-06-09T12:56:34+02:00","message":"pinpoint match, clicking..."}
{"level":"info","time":"2026-06-09T12:56:34+02:00","message":"ADB TAP: (794, 577)"}
{"level":"info","attacks":1,"uptime":"7m20s","avg_ms":154.27421277201162,"time":"2026-06-09T12:56:37+02:00","message":"bot stats"}
{"level":"info","bot":"orchestrator","state":"SearchMap","time":"2026-06-09T12:56:39+02:00","message":"still searching (clouds)..."}
{"level":"info","bot":"orchestrator","time":"2026-06-09T12:56:41+02:00","message":"base found, reading loot..."}
{"level":"info","bot":"orchestrator","gold":648032,"elixir":664870,"de":9100,"time":"2026-06-09T12:56:41+02:00","message":"loot detected"}
{"level":"info","bot":"orchestrator","time":"2026-06-09T12:56:41+02:00","message":"loot too low, skipping base..."}
{"level":"info","bot":"orchestrator","step":"Next Match","time":"2026-06-09T12:56:41+02:00","message":"pinpoint match, clicking..."}
{"level":"info","time":"2026-06-09T12:56:41+02:00","message":"ADB TAP: (794, 577)"}
{"level":"info","bot":"orchestrator","state":"SearchMap","time":"2026-06-09T12:56:46+02:00","message":"still searching (clouds)..."}
{"level":"info","attacks":1,"uptime":"7m30s","avg_ms":174.12259846902217,"time":"2026-06-09T12:56:47+02:00","message":"bot stats"}
{"level":"info","bot":"orchestrator","time":"2026-06-09T12:56:48+02:00","message":"base found, reading loot..."}
{"level":"info","bot":"orchestrator","gold":1050904,"elixir":957057,"de":10119,"time":"2026-06-09T12:56:48+02:00","message":"loot detected"}
{"level":"info","bot":"orchestrator","time":"2026-06-09T12:56:48+02:00","message":"loot requirements met, starting attack!"}
{"level":"info","bot":"orchestrator","strategy":"Auto EDrag Rush","phases":5,"time":"2026-06-09T12:56:48+02:00","message":"executing dynamic attack plan"}
{"level":"info","component":"attack_executor","bar_y":630,"time":"2026-06-09T12:56:50+02:00","message":"using ULTIMATE PRECISION config"}
{"level":"info","component":"attack_executor","edge":"TopLeft","time":"2026-06-09T12:56:50+02:00","message":"random edge selected"}
{"level":"info","component":"attack_executor","slots":11,"time":"2026-06-09T12:56:50+02:00","message":"using 100% precise manual slot mapping"}
{"level":"info","component":"attack_executor","active_xs":[62,134,212,287,360,433,511,584,657,730,798],"time":"2026-06-09T12:56:50+02:00","message":"detected active slots in bar"}
{"level":"info","component":"attack_executor","x":62,"category":"Troop","time":"2026-06-09T12:56:51+02:00","message":"classified slot"}
{"level":"info","component":"attack_executor","x":134,"category":"Troop","time":"2026-06-09T12:56:51+02:00","message":"classified slot"}
{"level":"info","component":"attack_executor","x":212,"category":"Siege","time":"2026-06-09T12:56:51+02:00","message":"classified slot"}
{"level":"info","component":"attack_executor","x":287,"category":"Hero","time":"2026-06-09T12:56:51+02:00","message":"classified slot"}
{"level":"info","component":"attack_executor","x":360,"category":"Hero","time":"2026-06-09T12:56:51+02:00","message":"classified slot"}
{"level":"info","component":"attack_executor","x":433,"category":"Hero","time":"2026-06-09T12:56:51+02:00","message":"classified slot"}
{"level":"info","component":"attack_executor","x":511,"category":"Hero","time":"2026-06-09T12:56:51+02:00","message":"classified slot"}
{"level":"info","component":"attack_executor","x":584,"category":"Spell","time":"2026-06-09T12:56:51+02:00","message":"classified slot"}
{"level":"info","component":"attack_executor","x":657,"category":"Spell","time":"2026-06-09T12:56:51+02:00","message":"classified slot"}
{"level":"info","component":"attack_executor","x":730,"category":"Spell","time":"2026-06-09T12:56:51+02:00","message":"classified slot"}
{"level":"info","component":"attack_executor","x":798,"category":"Spell","time":"2026-06-09T12:56:51+02:00","message":"classified slot"}
{"level":"info","component":"attack_executor","x":798,"time":"2026-06-09T12:56:51+02:00","message":"classified last slot as CC"}
{"level":"info","component":"attack_executor","time":"2026-06-09T12:56:51+02:00","message":"saved visual diagnostics to attack_deploy_debug.png"}
{"level":"info","component":"attack_executor","labels":11,"time":"2026-06-09T12:56:51+02:00","message":"loading 100% precise manual troop labels"}
{"level":"info","component":"attack_executor","phase":"Balloons","time":"2026-06-09T12:56:51+02:00","message":"attack phase"}
{"level":"info","component":"attack_executor","unit":"Balloon","ability":false,"x":134,"y":681,"conf":1,"time":"2026-06-09T12:56:52+02:00","message":"selecting unit"}
{"level":"info","time":"2026-06-09T12:56:52+02:00","message":"ADB TAP: (132, 682)"}
{"level":"info","component":"attack_executor","unit":"Balloon","time":"2026-06-09T12:56:52+02:00","message":"deploying troop line batch"}
{"level":"info","component":"attack_executor","unit":"Balloon","time":"2026-06-09T12:56:52+02:00","message":"troop slot not empty yet, selecting again and deploying next batch..."}
{"level":"info","time":"2026-06-09T12:56:52+02:00","message":"ADB TAP: (132, 682)"}
{"level":"info","component":"attack_executor","unit":"Balloon","time":"2026-06-09T12:56:53+02:00","message":"deploying troop line batch"}
{"level":"info","component":"attack_executor","unit":"Balloon","time":"2026-06-09T12:56:53+02:00","message":"troop slot not empty yet, selecting again and deploying next batch..."}
{"level":"info","time":"2026-06-09T12:56:53+02:00","message":"ADB TAP: (133, 677)"}
{"level":"info","component":"attack_executor","unit":"Balloon","time":"2026-06-09T12:56:53+02:00","message":"deploying troop line batch"}
{"level":"info","component":"attack_executor","unit":"Balloon","time":"2026-06-09T12:56:54+02:00","message":"troop slot not empty yet, selecting again and deploying next batch..."}
{"level":"info","time":"2026-06-09T12:56:54+02:00","message":"ADB TAP: (137, 681)"}
{"level":"info","component":"attack_executor","unit":"Balloon","ability":false,"x":134,"y":681,"conf":1,"time":"2026-06-09T12:56:54+02:00","message":"selecting unit"}
{"level":"info","time":"2026-06-09T12:56:54+02:00","message":"ADB TAP: (134, 680)"}
{"level":"info","component":"attack_executor","unit":"Balloon","time":"2026-06-09T12:56:54+02:00","message":"deploying troop line batch"}
{"level":"info","component":"attack_executor","unit":"Balloon","time":"2026-06-09T12:56:55+02:00","message":"troop slot empty, finished deploying"}
{"level":"info","component":"attack_executor","phase":"Electro Dragons","time":"2026-06-09T12:56:55+02:00","message":"attack phase"}
{"level":"info","component":"attack_executor","unit":"Electro Dragon","ability":false,"x":62,"y":681,"conf":1,"time":"2026-06-09T12:56:55+02:00","message":"selecting unit"}
{"level":"info","time":"2026-06-09T12:56:55+02:00","message":"ADB TAP: (63, 681)"}
{"level":"info","component":"attack_executor","unit":"Electro Dragon","time":"2026-06-09T12:56:56+02:00","message":"deploying troop line batch"}
{"level":"info","component":"attack_executor","unit":"Electro Dragon","time":"2026-06-09T12:56:56+02:00","message":"troop slot not empty yet, selecting again and deploying next batch..."}
{"level":"info","time":"2026-06-09T12:56:56+02:00","message":"ADB TAP: (61, 680)"}
{"level":"info","component":"attack_executor","unit":"Electro Dragon","time":"2026-06-09T12:56:56+02:00","message":"deploying troop line batch"}
{"level":"info","component":"attack_executor","unit":"Electro Dragon","time":"2026-06-09T12:56:57+02:00","message":"troop slot not empty yet, selecting again and deploying next batch..."}
{"level":"info","time":"2026-06-09T12:56:57+02:00","message":"ADB TAP: (61, 683)"}
{"level":"info","attacks":1,"uptime":"7m40s","avg_ms":213.39894214968476,"time":"2026-06-09T12:56:57+02:00","message":"bot stats"}
{"level":"info","component":"attack_executor","unit":"Electro Dragon","time":"2026-06-09T12:56:57+02:00","message":"deploying troop line batch"}
{"level":"info","component":"attack_executor","unit":"Electro Dragon","time":"2026-06-09T12:56:57+02:00","message":"troop slot empty, finished deploying"}
{"level":"info","component":"attack_executor","phase":"Siege Machine","time":"2026-06-09T12:56:58+02:00","message":"attack phase"}
{"level":"info","component":"attack_executor","unit":"Stone Slammer","ability":false,"x":218,"y":706,"conf":0.9591102600097656,"time":"2026-06-09T12:56:58+02:00","message":"selecting unit"}
{"level":"info","time":"2026-06-09T12:56:58+02:00","message":"ADB TAP: (218, 706)"}
{"level":"info","component":"attack_executor","unit":"Stone Slammer","x":212,"y":184,"time":"2026-06-09T12:56:58+02:00","message":"deploying hero/siege point"}
{"level":"info","time":"2026-06-09T12:56:58+02:00","message":"ADB TAP: (224, 188)"}
{"level":"info","component":"attack_executor","phase":"Heroes","time":"2026-06-09T12:56:58+02:00","message":"attack phase"}
{"level":"info","component":"attack_executor","unit":"Archer Queen","category":"Hero","pos":{"X":360,"Y":682},"time":"2026-06-09T12:56:59+02:00","message":"layout parser fallback mapping"}
{"level":"info","component":"attack_executor","unit":"Barbarian King","ability":false,"x":287,"y":681,"conf":1,"time":"2026-06-09T12:56:59+02:00","message":"selecting unit"}
{"level":"info","time":"2026-06-09T12:56:59+02:00","message":"ADB TAP: (283, 682)"}
{"level":"info","component":"attack_executor","unit":"Barbarian King","x":212,"y":184,"time":"2026-06-09T12:56:59+02:00","message":"deploying hero/siege point"}
{"level":"info","time":"2026-06-09T12:56:59+02:00","message":"ADB TAP: (201, 178)"}
{"level":"info","component":"attack_executor","unit":"Archer Queen","ability":false,"x":360,"y":682,"conf":1,"time":"2026-06-09T12:56:59+02:00","message":"selecting unit"}
{"level":"info","time":"2026-06-09T12:56:59+02:00","message":"ADB TAP: (360, 682)"}
{"level":"info","component":"attack_executor","unit":"Archer Queen","x":212,"y":184,"time":"2026-06-09T12:57:00+02:00","message":"deploying hero/siege point"}
{"level":"info","time":"2026-06-09T12:57:00+02:00","message":"ADB TAP: (195, 190)"}
{"level":"info","component":"attack_executor","unit":"Grand Warden","ability":false,"x":433,"y":681,"conf":1,"time":"2026-06-09T12:57:00+02:00","message":"selecting unit"}
{"level":"info","time":"2026-06-09T12:57:00+02:00","message":"ADB TAP: (433, 680)"}
{"level":"info","component":"attack_executor","unit":"Grand Warden","x":212,"y":184,"time":"2026-06-09T12:57:00+02:00","message":"deploying hero/siege point"}
{"level":"info","time":"2026-06-09T12:57:00+02:00","message":"ADB TAP: (194, 187)"}
{"level":"info","component":"attack_executor","unit":"Minion Prince","ability":false,"x":360,"y":681,"conf":1,"time":"2026-06-09T12:57:00+02:00","message":"selecting unit"}
{"level":"info","time":"2026-06-09T12:57:00+02:00","message":"ADB TAP: (359, 681)"}
{"level":"info","component":"attack_executor","unit":"Minion Prince","x":212,"y":184,"time":"2026-06-09T12:57:00+02:00","message":"deploying hero/siege point"}
{"level":"info","time":"2026-06-09T12:57:00+02:00","message":"ADB TAP: (203, 160)"}
{"level":"info","component":"attack_executor","unit":"Dragon Duke","ability":false,"x":498,"y":685,"conf":0.9140827059745789,"time":"2026-06-09T12:57:00+02:00","message":"selecting unit"}
{"level":"info","time":"2026-06-09T12:57:00+02:00","message":"ADB TAP: (497, 685)"}
{"level":"info","component":"attack_executor","target":"TopLeft","duke_edge":"BottomLeft","time":"2026-06-09T12:57:00+02:00","message":"Dragon Duke adjacent placement"}
{"level":"info","component":"attack_executor","unit":"Dragon Duke","x":212,"y":498,"time":"2026-06-09T12:57:00+02:00","message":"deploying hero/siege point"}
{"level":"info","time":"2026-06-09T12:57:00+02:00","message":"ADB TAP: (230, 487)"}
{"level":"info","component":"attack_executor","phase":"Spells","time":"2026-06-09T12:57:00+02:00","message":"attack phase"}
{"level":"info","component":"attack_executor","unit":"Rage Spell","ability":false,"x":584,"y":681,"conf":1,"time":"2026-06-09T12:57:00+02:00","message":"selecting unit"}
{"level":"info","time":"2026-06-09T12:57:00+02:00","message":"ADB TAP: (584, 681)"}
{"level":"info","component":"attack_executor","unit":"Rage Spell","time":"2026-06-09T12:57:00+02:00","message":"deploying spell lines batch (Rage)"}
{"level":"info","time":"2026-06-09T12:57:00+02:00","message":"ADB TAP: (190, 305)"}
{"level":"info","time":"2026-06-09T12:57:01+02:00","message":"ADB TAP: (269, 225)"}
{"level":"info","time":"2026-06-09T12:57:01+02:00","message":"ADB TAP: (376, 162)"}
{"level":"info","component":"attack_executor","unit":"Rage Spell","time":"2026-06-09T12:57:01+02:00","message":"spell slot not empty yet, selecting again and deploying next batch..."}
{"level":"info","time":"2026-06-09T12:57:01+02:00","message":"ADB TAP: (583, 681)"}
{"level":"info","component":"attack_executor","unit":"Rage Spell","time":"2026-06-09T12:57:01+02:00","message":"deploying spell lines batch (Rage)"}
{"level":"info","time":"2026-06-09T12:57:01+02:00","message":"ADB TAP: (260, 322)"}
{"level":"info","time":"2026-06-09T12:57:01+02:00","message":"ADB TAP: (337, 271)"}
{"level":"info","time":"2026-06-09T12:57:01+02:00","message":"ADB TAP: (408, 210)"}
{"level":"info","component":"attack_executor","unit":"Rage Spell","time":"2026-06-09T12:57:02+02:00","message":"spell slot empty, finished deploying"}
{"level":"info","component":"attack_executor","unit":"Ice Spell","ability":false,"x":657,"y":681,"conf":1,"time":"2026-06-09T12:57:02+02:00","message":"selecting unit"}
{"level":"info","time":"2026-06-09T12:57:02+02:00","message":"ADB TAP: (660, 679)"}
{"level":"info","component":"attack_executor","unit":"Ice Spell","time":"2026-06-09T12:57:02+02:00","message":"deploying spell line batch"}
{"level":"info","time":"2026-06-09T12:57:02+02:00","message":"ADB TAP: (255, 324)"}
{"level":"info","time":"2026-06-09T12:57:02+02:00","message":"ADB TAP: (342, 270)"}
{"level":"info","time":"2026-06-09T12:57:02+02:00","message":"ADB TAP: (406, 223)"}
{"level":"info","component":"attack_executor","unit":"Ice Spell","time":"2026-06-09T12:57:02+02:00","message":"spell slot empty, finished deploying"}
{"level":"info","component":"attack_executor","time":"2026-06-09T12:57:02+02:00","message":"activating hero abilities right after spells..."}
{"level":"info","component":"attack_executor","x":287,"y":681,"time":"2026-06-09T12:57:02+02:00","message":"retapping hero icon once for ability/equipment"}
{"level":"info","time":"2026-06-09T12:57:02+02:00","message":"ADB TAP: (288, 683)"}
{"level":"info","component":"attack_executor","x":360,"y":682,"time":"2026-06-09T12:57:02+02:00","message":"retapping hero icon once for ability/equipment"}
{"level":"info","time":"2026-06-09T12:57:02+02:00","message":"ADB TAP: (360, 683)"}
{"level":"info","component":"attack_executor","x":433,"y":681,"time":"2026-06-09T12:57:02+02:00","message":"retapping hero icon once for ability/equipment"}
{"level":"info","time":"2026-06-09T12:57:02+02:00","message":"ADB TAP: (433, 681)"}
{"level":"info","component":"attack_executor","x":360,"y":681,"time":"2026-06-09T12:57:03+02:00","message":"retapping hero icon once for ability/equipment"}
{"level":"info","time":"2026-06-09T12:57:03+02:00","message":"ADB TAP: (361, 680)"}
{"level":"info","component":"attack_executor","x":498,"y":685,"time":"2026-06-09T12:57:03+02:00","message":"retapping hero icon once for ability/equipment"}
{"level":"info","time":"2026-06-09T12:57:03+02:00","message":"ADB TAP: (498, 683)"}
{"level":"info","component":"attack_executor","time":"2026-06-09T12:57:03+02:00","message":"starting sweep of remaining/event slots..."}
{"level":"info","component":"attack_executor","x":715,"y":681,"time":"2026-06-09T12:57:03+02:00","message":"found undeployed/event troop slot during sweep, deploying..."}
{"level":"info","time":"2026-06-09T12:57:03+02:00","message":"ADB TAP: (713, 681)"}
{"level":"info","time":"2026-06-09T12:57:04+02:00","message":"ADB TAP: (713, 681)"}
{"level":"info","time":"2026-06-09T12:57:04+02:00","message":"ADB TAP: (712, 679)"}
{"level":"info","component":"attack_executor","x":790,"y":681,"time":"2026-06-09T12:57:05+02:00","message":"found undeployed/event troop slot during sweep, deploying..."}
{"level":"info","time":"2026-06-09T12:57:05+02:00","message":"ADB TAP: (789, 679)"}
{"level":"info","time":"2026-06-09T12:57:05+02:00","message":"ADB TAP: (791, 681)"}
{"level":"info","time":"2026-06-09T12:57:06+02:00","message":"ADB TAP: (788, 677)"}
{"level":"info","component":"attack_executor","time":"2026-06-09T12:57:06+02:00","message":"verifying deployment success..."}
{"level":"info","component":"attack_executor","slots":11,"time":"2026-06-09T12:57:07+02:00","message":"using 100% precise manual slot mapping"}
{"level":"info","component":"attack_executor","active_xs":[212,287,433,511,730,798],"time":"2026-06-09T12:57:07+02:00","message":"detected active slots in bar"}
{"level":"info","attacks":1,"uptime":"7m50s","avg_ms":237.5939311143429,"time":"2026-06-09T12:57:07+02:00","message":"bot stats"}
{"level":"info","component":"attack_executor","x":212,"category":"Troop","time":"2026-06-09T12:57:08+02:00","message":"classified slot"}
{"level":"info","component":"attack_executor","x":287,"category":"Troop","time":"2026-06-09T12:57:08+02:00","message":"classified slot"}
{"level":"info","component":"attack_executor","x":433,"category":"Siege","time":"2026-06-09T12:57:08+02:00","message":"classified slot"}
{"level":"info","component":"attack_executor","x":511,"category":"Hero","time":"2026-06-09T12:57:08+02:00","message":"classified slot"}
{"level":"info","component":"attack_executor","x":730,"category":"Spell","time":"2026-06-09T12:57:08+02:00","message":"classified slot"}
{"level":"info","component":"attack_executor","x":798,"category":"Spell","time":"2026-06-09T12:57:08+02:00","message":"classified slot"}
{"level":"info","component":"attack_executor","x":798,"time":"2026-06-09T12:57:08+02:00","message":"classified last slot as CC"}
{"level":"warn","component":"attack_executor","attempt":1,"remaining_slots":3,"time":"2026-06-09T12:57:08+02:00","message":"detected undeployed units, retrying..."}
{"level":"info","component":"attack_executor","x":730,"category":"Spell","time":"2026-06-09T12:57:08+02:00","message":"re-deploying remaining slot"}
{"level":"info","time":"2026-06-09T12:57:08+02:00","message":"ADB TAP: (730, 684)"}
{"level":"info","time":"2026-06-09T12:57:09+02:00","message":"ADB TAP: (731, 682)"}
{"level":"info","time":"2026-06-09T12:57:09+02:00","message":"ADB TAP: (729, 681)"}
{"level":"info","component":"attack_executor","x":798,"category":"CC","time":"2026-06-09T12:57:10+02:00","message":"re-deploying remaining slot"}
{"level":"info","time":"2026-06-09T12:57:10+02:00","message":"ADB TAP: (799, 677)"}
{"level":"info","component":"attack_executor","slots":11,"time":"2026-06-09T12:57:11+02:00","message":"using 100% precise manual slot mapping"}
{"level":"info","component":"attack_executor","active_xs":[212,287,433,511,730],"time":"2026-06-09T12:57:11+02:00","message":"detected active slots in bar"}
{"level":"info","component":"attack_executor","x":212,"category":"Siege","time":"2026-06-09T12:57:12+02:00","message":"classified slot"}
{"level":"info","component":"attack_executor","x":287,"category":"Troop","time":"2026-06-09T12:57:12+02:00","message":"classified slot"}
{"level":"info","component":"attack_executor","x":433,"category":"Siege","time":"2026-06-09T12:57:12+02:00","message":"classified slot"}
{"level":"info","component":"attack_executor","x":511,"category":"Hero","time":"2026-06-09T12:57:12+02:00","message":"classified slot"}
{"level":"info","component":"attack_executor","x":730,"category":"Spell","time":"2026-06-09T12:57:12+02:00","message":"classified slot"}
{"level":"warn","component":"attack_executor","attempt":2,"remaining_slots":2,"time":"2026-06-09T12:57:12+02:00","message":"detected undeployed units, retrying..."}
{"level":"info","component":"attack_executor","x":730,"category":"Spell","time":"2026-06-09T12:57:12+02:00","message":"re-deploying remaining slot"}
{"level":"info","time":"2026-06-09T12:57:12+02:00","message":"ADB TAP: (725, 682)"}
{"level":"info","time":"2026-06-09T12:57:13+02:00","message":"ADB TAP: (730, 683)"}
{"level":"info","time":"2026-06-09T12:57:13+02:00","message":"ADB TAP: (728, 683)"}
{"level":"info","bot":"orchestrator","file":"diag_20260609_125714.png","time":"2026-06-09T12:57:14+02:00","message":"saved diagnostic screenshot"}
{"level":"info","bot":"orchestrator","file":"diag_20260609_125714.json","time":"2026-06-09T12:57:14+02:00","message":"saved diagnostic data"}
{"level":"info","bot":"orchestrator","time":"2026-06-09T12:57:14+02:00","message":"battle deployment complete, waiting for battle to end naturally..."}
{"level":"info","attacks":1,"uptime":"8m0s","avg_ms":261.7614493283479,"time":"2026-06-09T12:57:17+02:00","message":"bot stats"}
{"level":"info","attacks":1,"uptime":"8m10s","avg_ms":225.08584611251078,"time":"2026-06-09T12:57:27+02:00","message":"bot stats"}
{"level":"info","attacks":1,"uptime":"8m20s","avg_ms":204.98946844381308,"time":"2026-06-09T12:57:37+02:00","message":"bot stats"}
{"level":"info","attacks":1,"uptime":"8m30s","avg_ms":209.98402464698106,"time":"2026-06-09T12:57:47+02:00","message":"bot stats"}
{"level":"info","attacks":1,"uptime":"8m40s","avg_ms":208.83692256457613,"time":"2026-06-09T12:57:57+02:00","message":"bot stats"}
{"level":"info","attacks":1,"uptime":"8m50s","avg_ms":210.61735337359607,"time":"2026-06-09T12:58:07+02:00","message":"bot stats"}
{"level":"info","attacks":1,"uptime":"9m0s","avg_ms":214.03506097006897,"time":"2026-06-09T12:58:17+02:00","message":"bot stats"}
{"level":"info","attacks":1,"uptime":"9m10s","avg_ms":202.97342042769375,"time":"2026-06-09T12:58:27+02:00","message":"bot stats"}
{"level":"info","attacks":1,"uptime":"9m20s","avg_ms":203.1388584086803,"time":"2026-06-09T12:58:37+02:00","message":"bot stats"}
{"level":"info","attacks":1,"uptime":"9m30s","avg_ms":203.1211067804784,"time":"2026-06-09T12:58:47+02:00","message":"bot stats"}
{"level":"info","attacks":1,"uptime":"9m40s","avg_ms":203.54527480038513,"time":"2026-06-09T12:58:57+02:00","message":"bot stats"}
{"level":"info","attacks":1,"uptime":"9m50s","avg_ms":206.55165847541525,"time":"2026-06-09T12:59:07+02:00","message":"bot stats"}
{"level":"info","attacks":1,"uptime":"10m0s","avg_ms":212.93527300925757,"time":"2026-06-09T12:59:17+02:00","message":"bot stats"}
{"level":"info","attacks":1,"uptime":"10m10s","avg_ms":208.45625156894894,"time":"2026-06-09T12:59:27+02:00","message":"bot stats"}
{"level":"info","attacks":1,"uptime":"10m20s","avg_ms":209.10191052107893,"time":"2026-06-09T12:59:37+02:00","message":"bot stats"}
{"level":"info","attacks":1,"uptime":"10m30s","avg_ms":215.6315850315924,"time":"2026-06-09T12:59:47+02:00","message":"bot stats"}
{"level":"info","bot":"orchestrator","time":"2026-06-09T12:59:56+02:00","message":"saved battle result screenshot to last_battle_result.png"}
{"level":"info","bot":"orchestrator","component":"loot_recognizer","time":"2026-06-09T12:59:56+02:00","message":"Loaded custom battle loot ROIs from assets/battle_loot_rois.json"}
{"level":"info","bot":"orchestrator","component":"loot_recognizer","time":"2026-06-09T12:59:56+02:00","message":"Loaded custom star points from assets/star_points.json"}
{"level":"info","bot":"orchestrator","stars":2,"gold":839108,"bonus_gold":0,"time":"2026-06-09T12:59:56+02:00","message":"battle result processed"}
{"level":"info","time":"2026-06-09T12:59:56+02:00","message":"ADB TAP: (429, 573)"}
{"level":"info","attacks":1,"uptime":"10m40s","avg_ms":205.38587179596817,"time":"2026-06-09T12:59:57+02:00","message":"bot stats"}
{"level":"info","attacks":2,"uptime":"10m50s","avg_ms":143.9946305947158,"time":"2026-06-09T13:00:07+02:00","message":"bot stats"}
{"level":"info","bot":"orchestrator","attacks":2,"stars":"3⭐:0 | 2⭐:2 | 1⭐:0 | 0⭐:0","loot":"Gold: 2167868 | Elixir: 1902562 | DE: 8899","uptime":651696.070875,"time":"2026-06-09T13:00:09+02:00","message":"=== SESSION SUMMARY ==="}
{"level":"info","bot":"orchestrator","time":"2026-06-09T13:00:09+02:00","message":"attack button detected, starting sequence"}
{"level":"info","bot":"orchestrator","step":"Attack","time":"2026-06-09T13:00:09+02:00","message":"pinpoint match, clicking..."}
{"level":"info","time":"2026-06-09T13:00:09+02:00","message":"ADB TAP: (64, 666)"}
{"level":"info","bot":"orchestrator","step":"Find Match","time":"2026-06-09T13:00:11+02:00","message":"pinpoint match, clicking..."}
{"level":"info","time":"2026-06-09T13:00:11+02:00","message":"ADB TAP: (158, 494)"}
{"level":"info","bot":"orchestrator","step":"Army Arrow","time":"2026-06-09T13:00:14+02:00","message":"pinpoint match, clicking..."}
{"level":"info","time":"2026-06-09T13:00:14+02:00","message":"ADB TAP: (514, 192)"}
{"level":"info","bot":"orchestrator","step":"Army 1","time":"2026-06-09T13:00:16+02:00","message":"pinpoint match, clicking..."}
{"level":"info","time":"2026-06-09T13:00:16+02:00","message":"ADB TAP: (513, 230)"}
{"level":"info","attacks":2,"uptime":"11m0s","avg_ms":133.77291070110752,"time":"2026-06-09T13:00:17+02:00","message":"bot stats"}
{"level":"info","bot":"orchestrator","step":"Battle","time":"2026-06-09T13:00:18+02:00","message":"pinpoint match, clicking..."}
{"level":"info","time":"2026-06-09T13:00:18+02:00","message":"ADB TAP: (731, 537)"}
{"level":"info","bot":"orchestrator","time":"2026-06-09T13:00:19+02:00","message":"waiting for battle state (searching)..."}
{"level":"info","bot":"orchestrator","time":"2026-06-09T13:00:20+02:00","message":"in clouds/loading..."}
{"level":"info","bot":"orchestrator","time":"2026-06-09T13:00:22+02:00","message":"battle state detected, entering search loop"}
{"level":"info","bot":"orchestrator","time":"2026-06-09T13:00:22+02:00","message":"waiting for base to be found..."}
{"level":"info","bot":"orchestrator","time":"2026-06-09T13:00:24+02:00","message":"base found, reading loot..."}
{"level":"info","bot":"orchestrator","gold":726750,"elixir":876133,"de":7326,"time":"2026-06-09T13:00:25+02:00","message":"loot detected"}
{"level":"info","bot":"orchestrator","time":"2026-06-09T13:00:25+02:00","message":"loot too low, skipping base..."}
{"level":"info","bot":"orchestrator","step":"Next Match","time":"2026-06-09T13:00:25+02:00","message":"pinpoint match, clicking..."}
{"level":"info","time":"2026-06-09T13:00:25+02:00","message":"ADB TAP: (794, 577)"}
{"level":"info","attacks":2,"uptime":"11m10s","avg_ms":163.08879960305325,"time":"2026-06-09T13:00:27+02:00","message":"bot stats"}
{"level":"info","bot":"orchestrator","state":"SearchMap","time":"2026-06-09T13:00:29+02:00","message":"still searching (clouds)..."}
{"level":"info","bot":"orchestrator","time":"2026-06-09T13:00:31+02:00","message":"base found, reading loot..."}
{"level":"info","bot":"orchestrator","gold":964711,"elixir":841298,"de":10399,"time":"2026-06-09T13:00:32+02:00","message":"loot detected"}
{"level":"info","bot":"orchestrator","time":"2026-06-09T13:00:32+02:00","message":"loot requirements met, starting attack!"}
{"level":"info","bot":"orchestrator","strategy":"Auto EDrag Rush","phases":5,"time":"2026-06-09T13:00:32+02:00","message":"executing dynamic attack plan"}
{"level":"info","component":"attack_executor","bar_y":630,"time":"2026-06-09T13:00:33+02:00","message":"using ULTIMATE PRECISION config"}
{"level":"info","component":"attack_executor","edge":"TopRight","time":"2026-06-09T13:00:33+02:00","message":"random edge selected"}
{"level":"info","component":"attack_executor","slots":11,"time":"2026-06-09T13:00:33+02:00","message":"using 100% precise manual slot mapping"}
{"level":"info","component":"attack_executor","active_xs":[62,134,212,287,360,433,511,584,657,730,798],"time":"2026-06-09T13:00:33+02:00","message":"detected active slots in bar"}
{"level":"info","component":"attack_executor","x":62,"category":"Troop","time":"2026-06-09T13:00:35+02:00","message":"classified slot"}
{"level":"info","component":"attack_executor","x":134,"category":"Troop","time":"2026-06-09T13:00:35+02:00","message":"classified slot"}
{"level":"info","component":"attack_executor","x":212,"category":"Siege","time":"2026-06-09T13:00:35+02:00","message":"classified slot"}
{"level":"info","component":"attack_executor","x":287,"category":"Hero","time":"2026-06-09T13:00:35+02:00","message":"classified slot"}
{"level":"info","component":"attack_executor","x":360,"category":"Hero","time":"2026-06-09T13:00:35+02:00","message":"classified slot"}
{"level":"info","component":"attack_executor","x":433,"category":"Hero","time":"2026-06-09T13:00:35+02:00","message":"classified slot"}
{"level":"info","component":"attack_executor","x":511,"category":"Hero","time":"2026-06-09T13:00:35+02:00","message":"classified slot"}
{"level":"info","component":"attack_executor","x":584,"category":"Spell","time":"2026-06-09T13:00:35+02:00","message":"classified slot"}
{"level":"info","component":"attack_executor","x":657,"category":"Spell","time":"2026-06-09T13:00:35+02:00","message":"classified slot"}
{"level":"info","component":"attack_executor","x":730,"category":"Spell","time":"2026-06-09T13:00:35+02:00","message":"classified slot"}
{"level":"info","component":"attack_executor","x":798,"category":"Spell","time":"2026-06-09T13:00:35+02:00","message":"classified slot"}
{"level":"info","component":"attack_executor","x":798,"time":"2026-06-09T13:00:35+02:00","message":"classified last slot as CC"}
{"level":"info","component":"attack_executor","time":"2026-06-09T13:00:35+02:00","message":"saved visual diagnostics to attack_deploy_debug.png"}
{"level":"info","component":"attack_executor","labels":11,"time":"2026-06-09T13:00:35+02:00","message":"loading 100% precise manual troop labels"}
{"level":"info","component":"attack_executor","phase":"Balloons","time":"2026-06-09T13:00:35+02:00","message":"attack phase"}
{"level":"info","component":"attack_executor","unit":"Balloon","ability":false,"x":134,"y":681,"conf":1,"time":"2026-06-09T13:00:35+02:00","message":"selecting unit"}
{"level":"info","time":"2026-06-09T13:00:35+02:00","message":"ADB TAP: (134, 681)"}
{"level":"info","component":"attack_executor","unit":"Balloon","time":"2026-06-09T13:00:35+02:00","message":"deploying troop line batch"}
{"level":"info","component":"attack_executor","unit":"Balloon","time":"2026-06-09T13:00:36+02:00","message":"troop slot not empty yet, selecting again and deploying next batch..."}
{"level":"info","time":"2026-06-09T13:00:36+02:00","message":"ADB TAP: (132, 684)"}
{"level":"info","component":"attack_executor","unit":"Balloon","time":"2026-06-09T13:00:36+02:00","message":"deploying troop line batch"}
{"level":"info","component":"attack_executor","unit":"Balloon","time":"2026-06-09T13:00:36+02:00","message":"troop slot not empty yet, selecting again and deploying next batch..."}
{"level":"info","time":"2026-06-09T13:00:36+02:00","message":"ADB TAP: (135, 681)"}
{"level":"info","component":"attack_executor","unit":"Balloon","time":"2026-06-09T13:00:37+02:00","message":"deploying troop line batch"}
{"level":"info","attacks":2,"uptime":"11m20s","avg_ms":215.07272870004516,"time":"2026-06-09T13:00:37+02:00","message":"bot stats"}
{"level":"info","component":"attack_executor","unit":"Balloon","time":"2026-06-09T13:00:37+02:00","message":"troop slot not empty yet, selecting again and deploying next batch..."}
{"level":"info","time":"2026-06-09T13:00:37+02:00","message":"ADB TAP: (134, 682)"}
{"level":"info","component":"attack_executor","unit":"Balloon","ability":false,"x":134,"y":681,"conf":1,"time":"2026-06-09T13:00:38+02:00","message":"selecting unit"}
{"level":"info","time":"2026-06-09T13:00:38+02:00","message":"ADB TAP: (134, 681)"}
{"level":"info","component":"attack_executor","unit":"Balloon","time":"2026-06-09T13:00:38+02:00","message":"deploying troop line batch"}
{"level":"info","component":"attack_executor","unit":"Balloon","time":"2026-06-09T13:00:39+02:00","message":"troop slot empty, finished deploying"}
{"level":"info","component":"attack_executor","phase":"Electro Dragons","time":"2026-06-09T13:00:39+02:00","message":"attack phase"}
{"level":"info","component":"attack_executor","unit":"Electro Dragon","ability":false,"x":62,"y":681,"conf":1,"time":"2026-06-09T13:00:39+02:00","message":"selecting unit"}
{"level":"info","time":"2026-06-09T13:00:39+02:00","message":"ADB TAP: (62, 678)"}
{"level":"info","component":"attack_executor","unit":"Electro Dragon","time":"2026-06-09T13:00:39+02:00","message":"deploying troop line batch"}
{"level":"info","component":"attack_executor","unit":"Electro Dragon","time":"2026-06-09T13:00:40+02:00","message":"troop slot not empty yet, selecting again and deploying next batch..."}
{"level":"info","time":"2026-06-09T13:00:40+02:00","message":"ADB TAP: (62, 680)"}
{"level":"info","component":"attack_executor","unit":"Electro Dragon","time":"2026-06-09T13:00:40+02:00","message":"deploying troop line batch"}
{"level":"info","component":"attack_executor","unit":"Electro Dragon","time":"2026-06-09T13:00:40+02:00","message":"troop slot not empty yet, selecting again and deploying next batch..."}
{"level":"info","time":"2026-06-09T13:00:40+02:00","message":"ADB TAP: (62, 684)"}
{"level":"info","component":"attack_executor","unit":"Electro Dragon","time":"2026-06-09T13:00:41+02:00","message":"deploying troop line batch"}
{"level":"info","component":"attack_executor","unit":"Electro Dragon","time":"2026-06-09T13:00:41+02:00","message":"troop slot not empty yet, selecting again and deploying next batch..."}
{"level":"info","time":"2026-06-09T13:00:41+02:00","message":"ADB TAP: (60, 680)"}
{"level":"info","component":"attack_executor","unit":"Electro Dragon","ability":false,"x":62,"y":681,"conf":1,"time":"2026-06-09T13:00:42+02:00","message":"selecting unit"}
{"level":"info","time":"2026-06-09T13:00:42+02:00","message":"ADB TAP: (60, 684)"}
{"level":"info","component":"attack_executor","unit":"Electro Dragon","time":"2026-06-09T13:00:42+02:00","message":"deploying troop line batch"}
{"level":"info","component":"attack_executor","unit":"Electro Dragon","time":"2026-06-09T13:00:43+02:00","message":"troop slot empty, finished deploying"}
{"level":"info","component":"attack_executor","phase":"Siege Machine","time":"2026-06-09T13:00:43+02:00","message":"attack phase"}
{"level":"info","component":"attack_executor","unit":"Stone Slammer","ability":false,"x":218,"y":706,"conf":0.9591118097305298,"time":"2026-06-09T13:00:43+02:00","message":"selecting unit"}
{"level":"info","time":"2026-06-09T13:00:43+02:00","message":"ADB TAP: (218, 710)"}
{"level":"info","component":"attack_executor","unit":"Stone Slammer","x":648,"y":183,"time":"2026-06-09T13:00:43+02:00","message":"deploying hero/siege point"}
{"level":"info","time":"2026-06-09T13:00:43+02:00","message":"ADB TAP: (648, 184)"}
{"level":"info","component":"attack_executor","phase":"Heroes","time":"2026-06-09T13:00:43+02:00","message":"attack phase"}
{"level":"info","component":"attack_executor","unit":"Archer Queen","category":"Hero","pos":{"X":360,"Y":682},"time":"2026-06-09T13:00:44+02:00","message":"layout parser fallback mapping"}
{"level":"info","component":"attack_executor","unit":"Barbarian King","ability":false,"x":287,"y":681,"conf":1,"time":"2026-06-09T13:00:44+02:00","message":"selecting unit"}
{"level":"info","time":"2026-06-09T13:00:44+02:00","message":"ADB TAP: (286, 682)"}
{"level":"info","component":"attack_executor","unit":"Barbarian King","x":648,"y":183,"time":"2026-06-09T13:00:45+02:00","message":"deploying hero/siege point"}
{"level":"info","time":"2026-06-09T13:00:45+02:00","message":"ADB TAP: (656, 192)"}
{"level":"info","component":"attack_executor","unit":"Archer Queen","ability":false,"x":360,"y":682,"conf":1,"time":"2026-06-09T13:00:45+02:00","message":"selecting unit"}
{"level":"info","time":"2026-06-09T13:00:45+02:00","message":"ADB TAP: (361, 682)"}
{"level":"info","component":"attack_executor","unit":"Archer Queen","x":648,"y":183,"time":"2026-06-09T13:00:45+02:00","message":"deploying hero/siege point"}
{"level":"info","time":"2026-06-09T13:00:45+02:00","message":"ADB TAP: (647, 173)"}
{"level":"info","component":"attack_executor","unit":"Grand Warden","ability":false,"x":433,"y":681,"conf":1,"time":"2026-06-09T13:00:45+02:00","message":"selecting unit"}
{"level":"info","time":"2026-06-09T13:00:45+02:00","message":"ADB TAP: (433, 682)"}
{"level":"info","component":"attack_executor","unit":"Grand Warden","x":648,"y":183,"time":"2026-06-09T13:00:45+02:00","message":"deploying hero/siege point"}
{"level":"info","time":"2026-06-09T13:00:45+02:00","message":"ADB TAP: (648, 165)"}
{"level":"info","component":"attack_executor","unit":"Minion Prince","ability":false,"x":360,"y":681,"conf":1,"time":"2026-06-09T13:00:45+02:00","message":"selecting unit"}
{"level":"info","time":"2026-06-09T13:00:45+02:00","message":"ADB TAP: (361, 682)"}
{"level":"info","component":"attack_executor","unit":"Minion Prince","x":648,"y":183,"time":"2026-06-09T13:00:45+02:00","message":"deploying hero/siege point"}
{"level":"info","time":"2026-06-09T13:00:45+02:00","message":"ADB TAP: (632, 154)"}
{"level":"info","component":"attack_executor","unit":"Dragon Duke","ability":false,"x":498,"y":685,"conf":0.9140831828117371,"time":"2026-06-09T13:00:45+02:00","message":"selecting unit"}
{"level":"info","time":"2026-06-09T13:00:45+02:00","message":"ADB TAP: (498, 684)"}
{"level":"info","component":"attack_executor","target":"TopRight","duke_edge":"BottomRight","time":"2026-06-09T13:00:46+02:00","message":"Dragon Duke adjacent placement"}
{"level":"info","component":"attack_executor","unit":"Dragon Duke","x":658,"y":503,"time":"2026-06-09T13:00:46+02:00","message":"deploying hero/siege point"}
{"level":"info","time":"2026-06-09T13:00:46+02:00","message":"ADB TAP: (679, 476)"}
{"level":"info","component":"attack_executor","phase":"Spells","time":"2026-06-09T13:00:46+02:00","message":"attack phase"}
{"level":"info","component":"attack_executor","unit":"Rage Spell","ability":false,"x":584,"y":681,"conf":1,"time":"2026-06-09T13:00:46+02:00","message":"selecting unit"}
{"level":"info","time":"2026-06-09T13:00:46+02:00","message":"ADB TAP: (583, 680)"}
{"level":"info","component":"attack_executor","unit":"Rage Spell","time":"2026-06-09T13:00:46+02:00","message":"deploying spell lines batch (Rage)"}
{"level":"info","time":"2026-06-09T13:00:46+02:00","message":"ADB TAP: (671, 311)"}
{"level":"info","time":"2026-06-09T13:00:46+02:00","message":"ADB TAP: (588, 237)"}
{"level":"info","time":"2026-06-09T13:00:46+02:00","message":"ADB TAP: (505, 165)"}
{"level":"info","component":"attack_executor","unit":"Rage Spell","time":"2026-06-09T13:00:46+02:00","message":"spell slot not empty yet, selecting again and deploying next batch..."}
{"level":"info","time":"2026-06-09T13:00:46+02:00","message":"ADB TAP: (584, 678)"}
{"level":"info","component":"attack_executor","unit":"Rage Spell","time":"2026-06-09T13:00:47+02:00","message":"deploying spell lines batch (Rage)"}
{"level":"info","time":"2026-06-09T13:00:47+02:00","message":"ADB TAP: (604, 340)"}
{"level":"info","time":"2026-06-09T13:00:47+02:00","message":"ADB TAP: (517, 267)"}
{"level":"info","time":"2026-06-09T13:00:47+02:00","message":"ADB TAP: (436, 201)"}
{"level":"info","attacks":2,"uptime":"11m30s","avg_ms":214.10288972517537,"time":"2026-06-09T13:00:47+02:00","message":"bot stats"}
{"level":"info","component":"attack_executor","unit":"Rage Spell","time":"2026-06-09T13:00:47+02:00","message":"spell slot empty, finished deploying"}
{"level":"info","component":"attack_executor","unit":"Ice Spell","ability":false,"x":657,"y":681,"conf":1,"time":"2026-06-09T13:00:47+02:00","message":"selecting unit"}
{"level":"info","time":"2026-06-09T13:00:47+02:00","message":"ADB TAP: (655, 675)"}
{"level":"info","component":"attack_executor","unit":"Ice Spell","time":"2026-06-09T13:00:47+02:00","message":"deploying spell line batch"}
{"level":"info","time":"2026-06-09T13:00:47+02:00","message":"ADB TAP: (586, 336)"}
{"level":"info","time":"2026-06-09T13:00:47+02:00","message":"ADB TAP: (514, 258)"}
{"level":"info","time":"2026-06-09T13:00:47+02:00","message":"ADB TAP: (439, 212)"}
{"level":"info","component":"attack_executor","unit":"Ice Spell","time":"2026-06-09T13:00:48+02:00","message":"spell slot empty, finished deploying"}
{"level":"info","component":"attack_executor","time":"2026-06-09T13:00:48+02:00","message":"activating hero abilities right after spells..."}
{"level":"info","component":"attack_executor","x":287,"y":681,"time":"2026-06-09T13:00:48+02:00","message":"retapping hero icon once for ability/equipment"}
{"level":"info","time":"2026-06-09T13:00:48+02:00","message":"ADB TAP: (288, 680)"}
{"level":"info","component":"attack_executor","x":360,"y":682,"time":"2026-06-09T13:00:48+02:00","message":"retapping hero icon once for ability/equipment"}
{"level":"info","time":"2026-06-09T13:00:48+02:00","message":"ADB TAP: (360, 681)"}
{"level":"info","component":"attack_executor","x":433,"y":681,"time":"2026-06-09T13:00:48+02:00","message":"retapping hero icon once for ability/equipment"}
{"level":"info","time":"2026-06-09T13:00:48+02:00","message":"ADB TAP: (431, 678)"}
{"level":"info","component":"attack_executor","x":360,"y":681,"time":"2026-06-09T13:00:48+02:00","message":"retapping hero icon once for ability/equipment"}
{"level":"info","time":"2026-06-09T13:00:48+02:00","message":"ADB TAP: (362, 678)"}
{"level":"info","component":"attack_executor","x":498,"y":685,"time":"2026-06-09T13:00:48+02:00","message":"retapping hero icon once for ability/equipment"}
{"level":"info","time":"2026-06-09T13:00:48+02:00","message":"ADB TAP: (498, 682)"}
{"level":"info","component":"attack_executor","time":"2026-06-09T13:00:49+02:00","message":"starting sweep of remaining/event slots..."}
{"level":"info","component":"attack_executor","x":715,"y":681,"time":"2026-06-09T13:00:49+02:00","message":"found undeployed/event troop slot during sweep, deploying..."}
{"level":"info","time":"2026-06-09T13:00:49+02:00","message":"ADB TAP: (713, 686)"}
{"level":"info","time":"2026-06-09T13:00:49+02:00","message":"ADB TAP: (715, 678)"}
{"level":"info","time":"2026-06-09T13:00:50+02:00","message":"ADB TAP: (715, 681)"}
{"level":"info","component":"attack_executor","x":790,"y":681,"time":"2026-06-09T13:00:50+02:00","message":"found undeployed/event troop slot during sweep, deploying..."}
{"level":"info","time":"2026-06-09T13:00:50+02:00","message":"ADB TAP: (794, 681)"}
{"level":"info","component":"attack_executor","x":790,"time":"2026-06-09T13:00:51+02:00","message":"swept slot empty, finished deploying"}
{"level":"info","component":"attack_executor","time":"2026-06-09T13:00:51+02:00","message":"verifying deployment success..."}
{"level":"info","component":"attack_executor","slots":11,"time":"2026-06-09T13:00:51+02:00","message":"using 100% precise manual slot mapping"}
{"level":"info","component":"attack_executor","active_xs":[212,287,433,511,730],"time":"2026-06-09T13:00:51+02:00","message":"detected active slots in bar"}
{"level":"info","component":"attack_executor","x":212,"category":"Troop","time":"2026-06-09T13:00:53+02:00","message":"classified slot"}
{"level":"info","component":"attack_executor","x":287,"category":"Troop","time":"2026-06-09T13:00:53+02:00","message":"classified slot"}
{"level":"info","component":"attack_executor","x":433,"category":"Siege","time":"2026-06-09T13:00:53+02:00","message":"classified slot"}
{"level":"info","component":"attack_executor","x":511,"category":"Hero","time":"2026-06-09T13:00:53+02:00","message":"classified slot"}
{"level":"info","component":"attack_executor","x":730,"category":"Spell","time":"2026-06-09T13:00:53+02:00","message":"classified slot"}
{"level":"warn","component":"attack_executor","attempt":1,"remaining_slots":2,"time":"2026-06-09T13:00:53+02:00","message":"detected undeployed units, retrying..."}
{"level":"info","component":"attack_executor","x":730,"category":"Spell","time":"2026-06-09T13:00:53+02:00","message":"re-deploying remaining slot"}
{"level":"info","time":"2026-06-09T13:00:53+02:00","message":"ADB TAP: (728, 682)"}
{"level":"info","time":"2026-06-09T13:00:54+02:00","message":"ADB TAP: (732, 682)"}
{"level":"info","time":"2026-06-09T13:00:54+02:00","message":"ADB TAP: (730, 683)"}
{"level":"info","component":"attack_executor","slots":11,"time":"2026-06-09T13:00:55+02:00","message":"using 100% precise manual slot mapping"}
{"level":"info","component":"attack_executor","active_xs":[212,287,433,511,730],"time":"2026-06-09T13:00:55+02:00","message":"detected active slots in bar"}
{"level":"info","component":"attack_executor","x":212,"category":"Troop","time":"2026-06-09T13:00:57+02:00","message":"classified slot"}
{"level":"info","component":"attack_executor","x":287,"category":"Troop","time":"2026-06-09T13:00:57+02:00","message":"classified slot"}
{"level":"info","component":"attack_executor","x":433,"category":"Siege","time":"2026-06-09T13:00:57+02:00","message":"classified slot"}
{"level":"info","component":"attack_executor","x":511,"category":"Hero","time":"2026-06-09T13:00:57+02:00","message":"classified slot"}
{"level":"info","component":"attack_executor","x":730,"category":"Spell","time":"2026-06-09T13:00:57+02:00","message":"classified slot"}
{"level":"warn","component":"attack_executor","attempt":2,"remaining_slots":2,"time":"2026-06-09T13:00:57+02:00","message":"detected undeployed units, retrying..."}
{"level":"info","component":"attack_executor","x":730,"category":"Spell","time":"2026-06-09T13:00:57+02:00","message":"re-deploying remaining slot"}
{"level":"info","time":"2026-06-09T13:00:57+02:00","message":"ADB TAP: (728, 682)"}
{"level":"info","attacks":2,"uptime":"11m40s","avg_ms":250.60223182767095,"time":"2026-06-09T13:00:57+02:00","message":"bot stats"}
{"level":"info","time":"2026-06-09T13:00:57+02:00","message":"ADB TAP: (733, 682)"}
{"level":"info","time":"2026-06-09T13:00:58+02:00","message":"ADB TAP: (730, 681)"}
{"level":"info","bot":"orchestrator","file":"diag_20260609_130058.png","time":"2026-06-09T13:00:58+02:00","message":"saved diagnostic screenshot"}
{"level":"info","bot":"orchestrator","file":"diag_20260609_130058.json","time":"2026-06-09T13:00:58+02:00","message":"saved diagnostic data"}
{"level":"info","bot":"orchestrator","time":"2026-06-09T13:00:59+02:00","message":"battle deployment complete, waiting for battle to end naturally..."}
{"level":"info","attacks":2,"uptime":"11m50s","avg_ms":231.42442204471286,"time":"2026-06-09T13:01:07+02:00","message":"bot stats"}
{"level":"info","attacks":2,"uptime":"12m0s","avg_ms":206.07777169309614,"time":"2026-06-09T13:01:17+02:00","message":"bot stats"}
{"level":"info","attacks":2,"uptime":"12m10s","avg_ms":212.31973326738557,"time":"2026-06-09T13:01:27+02:00","message":"bot stats"}
{"level":"info","attacks":2,"uptime":"12m20s","avg_ms":213.9638234324519,"time":"2026-06-09T13:01:37+02:00","message":"bot stats"}
{"level":"info","time":"2026-06-09T13:01:40+02:00","message":"shutdown signal received"}
{"level":"info","time":"2026-06-09T13:01:40+02:00","message":"shutting down..."}
